CustomerID,Revenue,Orders,Quantity
12346.0,77183.6,1,74215
12347.0,4310.0,7,2458
12348.0,1797.24,4,2341
12349.0,1757.55,1,631
12350.0,334.4,1,197
12352.0,2506.04,8,536
12353.0,89.0,1,20
12354.0,1079.4,1,530
12355.0,459.4,1,240
12356.0,2811.43,3,1591
12357.0,6207.67,1,2708
12358.0,1168.06,2,248
12359.0,6310.03,4,1609
12360.0,2662.06,3,1165
12361.0,189.9,1,91
12362.0,5226.23,10,2229
12363.0,552.0,2,408
12364.0,1313.1,4,1506
12365.0,641.38,2,174
12367.0,168.9,1,173
12370.0,3541.94,4,2352
12371.0,1887.96,2,591
12372.0,1298.04,3,794
12373.0,364.6,1,197
12374.0,742.9300000000001,1,342
12375.0,457.5,2,178
12377.0,1628.12,2,944
12378.0,4008.62,1,2529
12379.0,852.24,2,407
12380.0,2724.81,4,1127
12381.0,1845.31,5,808
12383.0,1850.56,5,1532
12384.0,585.27,2,126
12386.0,401.9,2,354
12388.0,2780.66,6,1462
12390.0,549.84,1,353
12391.0,439.66,1,293
12393.0,1582.6000000000001,4,816
12394.0,1272.48,2,819
12395.0,3018.63,12,2118
12397.0,2409.9,2,1263
12398.0,1635.6599999999999,1,1394
12399.0,1108.65,4,1178
12401.0,84.3,1,11
12402.0,225.6,1,94
12403.0,427.7,1,96
12405.0,1710.39,1,857
12406.0,3415.3,2,1818
12407.0,1708.1200000000001,5,1416
12408.0,2888.55,5,1409
12409.0,11072.67,3,5551
12410.0,693.3299999999999,2,211
12412.0,1226.88,3,829
12413.0,758.1,3,286
12414.0,562.41,3,300
12415.0,124914.53,21,77374
12417.0,3649.1,9,1552
12418.0,668.58,1,407
12420.0,600.39,1,345
12421.0,807.04,4,484
12422.0,803.5600000000001,3,370
12423.0,1859.31,8,1339
12424.0,1760.96,2,740
12425.0,777.2,1,496
12426.0,582.73,1,258
12427.0,825.8,3,533
12428.0,7956.46,9,3536
12429.0,3750.4,4,1557
12430.0,256.4,1,117
12431.0,6419.95,15,2896
12432.0,5059.32,5,1801
12433.0,13375.87,7,11071
12434.0,806.14,2,394
12435.0,7829.89,2,2055
12436.0,509.01,1,211
12437.0,4951.41,18,2922
12438.0,2906.85,2,1180
12441.0,173.55,1,121
12442.0,172.06,1,182
12444.0,5005.46,5,1153
12445.0,133.4,1,62
12446.0,1002.3100000000001,1,351
12447.0,476.49,1,190
12448.0,449.45,1,243
12449.0,4067.29,4,1553
12450.0,197.88,2,128
12451.0,9035.52,5,6575
12452.0,430.57,2,185
12453.0,707.09,1,473
12454.0,3528.34,1,1006
12455.0,2466.86,6,2089
12456.0,3181.04,3,1633
12457.0,2363.23,7,843
12458.0,947.4,2,506
12461.0,826.88,2,287
12462.0,1189.59,2,536
12463.0,1344.78,4,776
12464.0,1212.05,8,112
12465.0,742.1899999999999,2,479
12468.0,729.5400000000001,2,366
12471.0,19788.65,30,8200
12472.0,6572.11,7,4148
12473.0,3928.0499999999997,5,2414
12474.0,7324.09,18,4833
12475.0,723.38,1,535
12476.0,6816.42,11,2408
12477.0,13219.74,6,3653
12478.0,680.99,1,236
12479.0,527.2,1,385
12480.0,3281.63,4,1707
12481.0,5579.82,10,3294
12483.0,2484.98,8,1110
12484.0,4527.32,6,2187
12488.0,1298.66,3,529
12489.0,334.93,1,105
12490.0,5417.93,10,3064
12491.0,460.40000000000003,1,260
12492.0,263.21000000000004,2,192
12493.0,433.74,2,207
12494.0,1246.1000000000001,7,707
12497.0,1043.1,1,1236
12498.0,403.70000000000005,3,159
12500.0,4257.82,11,2678
12501.0,2169.39,1,1783
12502.0,3723.87,5,820
12504.0,482.04999999999995,2,90
12506.0,73.5,1,23
12507.0,1304.81,3,894
12508.0,397.88,2,271
12509.0,176.5,1,55
12510.0,982.5699999999999,2,353
12512.0,132.18,2,96
12513.0,612.29,1,462
12514.0,1017.68,1,440
12515.0,383.7,1,131
12516.0,1312.06,2,875
12517.0,2481.6,5,1361
12518.0,2056.89,5,1318
12519.0,330.84,1,175
12520.0,2634.26,5,1439
12521.0,599.68,1,309
12522.0,192.72,2,194
12523.0,1789.77,11,865
12524.0,4485.72,8,3699
12526.0,1316.66,3,632
12527.0,348.71000000000004,3,234
12528.0,1933.48,6,756
12530.0,1662.28,4,913
12531.0,125.22,1,45
12532.0,349.83000000000004,1,153
12534.0,1089.18,1,651
12535.0,716.35,2,219
12536.0,12601.830000000002,3,2803
12538.0,363.95,1,191
12539.0,5568.35,4,2067
12540.0,13400.24,17,6685
12541.0,981.18,3,680
12544.0,372.7,1,136
12545.0,1000.39,2,523
12546.0,1161.5,2,633
12547.0,207.79999999999998,2,134
12548.0,95.19999999999999,1,49
12550.0,964.83,1,569
12551.0,168.0,1,100
12552.0,437.82,2,88
12553.0,3692.28,10,1965
12556.0,599.56,2,355
12557.0,11990.960000000001,5,4384
12558.0,269.96,1,196
12559.0,561.71,2,283
12560.0,2134.01,3,1110
12561.0,238.85,1,177
12562.0,3781.7400000000002,7,1779
12564.0,456.9,1,133
12565.0,145.92,1,80
12566.0,351.65,1,265
12567.0,9401.28,10,4305
12569.0,4124.69,32,1801
12571.0,519.61,2,523
12572.0,1020.42,2,452
12573.0,160.54000000000002,1,84
12574.0,218.45,1,61
12576.0,1315.83,5,967
12577.0,626.6,3,469
12578.0,2794.51,2,1196
12579.0,440.42,1,285
12580.0,415.7,1,238
12581.0,197.71,1,161
12582.0,511.36,2,300
12583.0,7281.38,15,5060
12584.0,2338.15,9,416
12585.0,2040.1,2,1279
12586.0,196.94000000000003,1,79
12587.0,144.0,1,51
12588.0,214.89999999999998,1,53
12589.0,646.68,2,306
12590.0,9864.26,2,4283
12591.0,452.84999999999997,1,228
12592.0,437.6,2,290
12593.0,418.09999999999997,3,206
12594.0,3338.2200000000003,10,1777
12596.0,618.27,2,474
12597.0,3811.22,4,2236
12598.0,3023.08,8,1964
12599.0,1032.58,7,956
12600.0,2599.04,10,774
12601.0,577.0600000000001,5,245
12602.0,153.12,1,162
12603.0,739.1999999999999,1,63
12604.0,254.18,2,201
12607.0,1579.51,1,1228
12609.0,1126.85,3,648
12610.0,2099.54,5,1049
12611.0,1193.32,1,846
12612.0,704.0400000000001,1,262
12613.0,3344.38,5,1644
12614.0,315.6,1,76
12615.0,2291.19,4,1376
12616.0,713.3,2,284
12617.0,352.98,1,210
12618.0,177.31,1,96
12619.0,3641.24,9,3378
12620.0,1339.41,3,1181
12621.0,13689.67,20,7440
12622.0,180.1,1,69
12623.0,305.1,1,191
12624.0,641.13,2,355
12625.0,2683.82,2,1612
12626.0,6620.48,9,3453
12627.0,4478.53,7,2752
12628.0,786.46,3,448
12630.0,1270.88,2,548
12631.0,640.5,1,236
12633.0,2163.98,4,1162
12635.0,1689.18,2,1172
12637.0,6002.9,8,2994
12638.0,671.69,1,577
12639.0,486.1,1,201
12640.0,1174.58,3,311
12641.0,185.9,1,72
12642.0,1013.26,3,552
12643.0,3344.64,6,1808
12644.0,477.91,1,325
12645.0,1775.18,4,1084
12646.0,1346.97,2,897
12647.0,3722.82,12,1431
12648.0,318.05,1,160
12649.0,623.51,3,586
12650.0,314.44,1,254
12651.0,114.0,1,78
12652.0,919.98,1,505
12653.0,2209.85,2,919
12654.0,601.98,5,264
12656.0,4051.17,5,1723
12657.0,1643.18,4,1044
12658.0,686.05,1,320
12659.0,91.68,1,105
12660.0,245.1,1,127
12662.0,3849.78,11,2058
12664.0,4881.88,9,1203
12665.0,63.0,1,37
12667.0,620.13,1,395
12668.0,3807.15,4,1634
12669.0,2744.0299999999997,3,1115
12670.0,2996.05,5,1397
12672.0,225.89999999999998,1,78
12673.0,610.52,2,351
12674.0,1970.6,4,1133
12676.0,1331.39,6,670
12678.0,17628.46,12,10923
12679.0,1113.02,4,554
12680.0,862.81,4,443
12681.0,13787.54,22,7536
12682.0,12279.82,31,5555
12683.0,8476.57,15,4987
12684.0,2283.63,7,1985
12685.0,2863.08,6,1523
12686.0,89.14,1,107
12688.0,4873.8099999999995,1,3028
12689.0,1247.61,2,628
12690.0,389.01,1,106
12691.0,1035.8,6,394
12693.0,855.91,4,255
12694.0,869.67,2,509
12695.0,582.1,4,220
12697.0,957.59,3,508
12700.0,4939.99,4,2967
12701.0,797.71,2,678
12702.0,219.0,1,53
12703.0,283.55,1,164
12704.0,2340.84,8,1006
12705.0,6868.29,9,3997
12707.0,603.42,1,256
12708.0,2712.91,10,1307
12709.0,9706.52,15,3912
12710.0,1149.02,3,851
12712.0,4396.13,13,1062
12713.0,848.55,1,508
12714.0,4708.86,5,3069
12715.0,343.36,1,192
12716.0,1053.49,2,708
12717.0,1030.98,2,506
12718.0,238.25,1,203
12719.0,644.95,2,374
12720.0,5781.73,25,4672
12721.0,2656.13,6,1959
12722.0,997.63,4,566
12723.0,725.07,5,434
12724.0,1031.41,4,445
12725.0,427.8,1,164
12726.0,2609.1,7,3143
12727.0,3980.7,7,2098
12728.0,836.33,4,419
12729.0,453.01,1,233
12731.0,18895.91,12,8437
12732.0,236.26000000000002,1,111
12733.0,383.95,1,137
12734.0,110.39999999999999,1,88
12735.0,779.5699999999999,2,368
12736.0,234.0,1,173
12738.0,155.35,1,148
12739.0,1013.04,2,486
12740.0,427.6,1,342
12743.0,540.13,2,315
12744.0,21279.29,7,5241
12747.0,4196.01,11,1275
12748.0,33053.19,209,25287
12749.0,4090.88,5,1471
12750.0,275.88,1,137
12752.0,4366.78,1,2262
12753.0,21429.39,6,11421
12754.0,3010.74,3,6481
12755.0,3811.95,2,1491
12756.0,112.07999999999998,1,144
12757.0,7834.650000000001,13,2395
12758.0,2791.59,2,2135
12759.0,1531.44,3,902
12762.0,1898.52,2,1227
12763.0,494.08,2,316
12764.0,1693.88,1,386
12766.0,6989.63,7,3646
12769.0,1143.6,1,356
12770.0,1351.45,1,743
12772.0,892.47,1,556
12775.0,1386.04,5,877
12778.0,822.23,6,825
12779.0,3981.36,8,2024
12781.0,826.74,2,671
12782.0,2330.92,5,1086
12783.0,2225.91,6,624
12784.0,532.8199999999999,2,280
12785.0,311.95,1,131
12787.0,463.66,3,261
12789.0,91.85,1,4
12790.0,324.92,1,166
12791.0,192.60000000000002,1,97
12792.0,400.53999999999996,1,217
12793.0,545.48,2,295
12794.0,860.41,2,592
12795.0,430.48,1,68
12797.0,254.03,1,118
12798.0,6977.04,3,5256
12802.0,427.58,1,314
12808.0,483.65000000000003,3,188
12809.0,489.31,1,220
12811.0,514.85,3,230
12812.0,229.64000000000001,1,164
12814.0,125.92,1,49
12815.0,1063.46,2,379
12816.0,572.2,2,128
12817.0,166.04,1,53
12818.0,1542.08,1,929
12820.0,942.34,4,722
12821.0,92.72,1,70
12822.0,948.88,2,550
12823.0,1759.5,5,230
12824.0,397.12,1,232
12826.0,1474.72,7,1058
12827.0,430.15000000000003,3,197
12828.0,1018.71,6,494
12829.0,293.0,2,376
12830.0,6814.64,6,9848
12831.0,215.05,1,135
12832.0,383.03,2,195
12833.0,417.38,1,156
12834.0,312.38,1,110
12836.0,2610.36,4,1062
12837.0,134.1,1,24
12838.0,671.95,2,355
12839.0,5591.42,14,3807
12840.0,2726.77,4,1511
12841.0,3991.58,25,2720
12842.0,1118.99,2,547
12843.0,1702.26,8,781
12844.0,325.96000000000004,2,125
12845.0,354.09,4,204
12847.0,843.64,1,873
12849.0,1010.29,2,597
12851.0,131.81,1,106
12852.0,311.55,1,149
12853.0,1957.1000000000001,6,800
12854.0,1316.25,3,626
12855.0,38.1,1,30
12856.0,2170.78,6,1076
12857.0,1106.4,2,343
12863.0,521.2,1,188
12864.0,147.12,1,216
12865.0,1568.23,2,925
12866.0,559.12,1,171
12867.0,4009.34,7,4284
12868.0,1607.0600000000002,6,928
12871.0,380.64,2,200
12872.0,599.97,2,319
12873.0,374.0,1,128
12875.0,343.2300000000001,2,2019
12876.0,2218.02,2,1941
12877.0,1535.77,12,1178
12878.0,854.99,2,547
12879.0,573.22,3,370
12881.0,298.0,1,21
12882.0,1463.04,2,246
12883.0,703.47,4,196
12884.0,309.05,1,43
12885.0,1175.22,3,655
12886.0,1378.4,2,770
12888.0,354.12,2,76
12890.0,376.71999999999997,1,256
12891.0,331.0,3,950
12893.0,176.55,1,90
12895.0,372.8,2,210
12897.0,216.5,2,110
12901.0,17654.54,28,23075
12902.0,138.68,1,66
12904.0,496.06,2,294
12906.0,2919.81,5,1749
12908.0,750.0,2,1200
12909.0,2178.67,5,1280
12910.0,3075.04,8,1692
12912.0,1662.3,5,670
12913.0,2483.63,5,1419
12915.0,363.65,2,93
12916.0,2944.95,4,1083
12917.0,594.0,1,120
12919.0,1335.19,6,673
12920.0,162.78,1,128
12921.0,16587.09,37,9526
12922.0,405.38,1,370
12923.0,172.82,1,68
12924.0,933.7,4,481
12925.0,694.05,2,541
12928.0,2062.7000000000003,5,1472
12929.0,117.85,1,37
12930.0,415.8,2,252
12931.0,42055.96,15,28004
12933.0,607.53,3,499
12935.0,2160.7,7,1853
12936.0,1063.9,4,559
12937.0,1504.27,4,1007
12938.0,114.14,1,140
12939.0,11581.8,8,4876
12940.0,899.69,2,404
12942.0,675.6,3,198
12944.0,604.51,2,289
12945.0,462.95,1,165
12947.0,1603.99,6,1165
12948.0,2064.95,7,1080
12949.0,4167.22,8,2381
12950.0,1843.0,3,1380
12951.0,1064.07,6,503
12952.0,1387.79,4,653
12953.0,329.85,1,84
12955.0,4757.16,11,3664
12956.0,108.07,1,34
12957.0,4017.54,8,2549
12962.0,266.39,2,129
12963.0,1856.63,8,881
12965.0,769.8100000000001,1,282
12966.0,160.18,1,75
12967.0,1660.9,2,438
12968.0,135.95,1,73
12970.0,405.47,4,268
12971.0,11189.91,86,9289
12974.0,144.8,1,24
12976.0,738.6,1,561
12977.0,39.239999999999995,1,12
12980.0,7374.900000000001,9,886
12981.0,372.21999999999997,2,242
12982.0,390.54,1,288
12984.0,97.5,1,26
12985.0,1239.38,2,1533
12987.0,558.7,2,219
12988.0,505.82,1,126
12989.0,6924.110000000001,15,2943
12990.0,409.5,3,200
12991.0,503.76,2,405
12993.0,414.76,4,240
12994.0,974.4200000000001,3,459
12995.0,211.32,1,108
12997.0,1226.89,4,664
12999.0,455.88,3,342
13000.0,534.85,3,379
13001.0,9785.970000000001,13,5490
13002.0,120.94999999999999,1,73
13003.0,149.05,3,103
13004.0,5655.91,18,4822
13005.0,513.7,2,172
13006.0,81.57,1,55
13008.0,229.46999999999997,1,175
13011.0,50.550000000000004,1,13
13012.0,1646.8400000000001,8,820
13013.0,4810.9400000000005,13,2224
13014.0,3466.2799999999997,10,905
13015.0,3339.64,5,1609
13016.0,789.89,3,527
13017.0,204.0,1,48
13018.0,7277.7,28,5435
13021.0,2616.38,9,1352
13023.0,689.9,2,286
13026.0,975.36,5,1620
13027.0,6912.0,6,17280
13028.0,661.3199999999999,2,798
13029.0,1247.5,3,134
13030.0,752.4399999999999,2,348
13032.0,1010.18,2,375
13033.0,190.55,1,83
13034.0,642.77,2,369
13035.0,921.88,2,644
13037.0,881.07,3,431
13038.0,908.46,3,360
13040.0,676.99,2,355
13043.0,516.42,1,254
13044.0,560.47,1,429
13045.0,305.28000000000003,1,221
13046.0,629.31,2,264
13047.0,3237.54,10,1391
13048.0,1819.41,4,1228
13049.0,656.6800000000001,2,268
13050.0,5836.86,17,3748
13052.0,348.15000000000003,1,222
13055.0,1214.41,3,894
13058.0,271.40000000000003,3,52
13059.0,183.4,1,35
13060.0,307.53,1,123
13061.0,248.61,1,107
13062.0,346.98,1,343
13064.0,1105.59,4,514
13065.0,205.86,1,74
13066.0,470.8,2,322
13067.0,115.46000000000001,1,32
13068.0,344.0,2,200
13069.0,4431.44,24,5873
13070.0,228.8,1,110
13072.0,177.15,1,69
13075.0,919.61,1,485
13077.0,728.02,4,862
13078.0,12627.94,26,5630
13079.0,220.10000000000002,5,62
13080.0,58.08,1,120
13081.0,28337.38,11,19068
13082.0,3613.63,9,4324
13083.0,303.75,2,187
13085.0,416.08000000000004,2,216
13089.0,58762.08,97,31025
13090.0,8910.82,14,2263
13091.0,345.82,1,466
13092.0,477.83,5,279
13093.0,7832.47,8,3961
13094.0,1927.3200000000002,12,1716
13095.0,74.39999999999999,1,144
13097.0,6003.22,10,2360
13098.0,28882.44,28,15968
13099.0,207.35999999999999,1,288
13101.0,101.19,1,113
13102.0,6424.09,24,4204
13103.0,243.94,1,82
13104.0,1098.48,6,504
13106.0,76.5,1,18
13107.0,1531.6200000000001,4,1293
13108.0,350.06,1,298
13109.0,786.54,2,520
13110.0,1488.67,7,388
13113.0,12245.960000000001,24,3045
13115.0,2294.78,4,1567
13116.0,501.14,1,291
13117.0,984.91,8,945
13118.0,1197.81,5,410
13120.0,30.599999999999998,1,12
13121.0,283.73,1,252
13122.0,922.39,2,585
13124.0,3756.33,3,2119
13126.0,2099.64,8,2143
13127.0,259.17,1,127
13130.0,64.0,1,32
13131.0,1073.3,3,447
13132.0,77.3,1,20
13133.0,109.8,2,32
13134.0,1793.58,4,1059
13135.0,3096.0,1,4300
13136.0,2607.61,5,1328
13137.0,3603.29,8,2204
13138.0,962.39,6,473
13139.0,5064.94,7,2425
13140.0,422.47,3,185
13141.0,2388.75,5,1548
13142.0,307.09,1,258
13144.0,110.95,1,21
13145.0,618.52,4,145
13146.0,228.91,1,154
13147.0,712.8000000000001,4,144
13148.0,3683.26,12,1965
13149.0,1676.06,4,1280
13151.0,1257.8700000000001,1,363
13153.0,486.22,1,418
13155.0,971.76,4,497
13157.0,1741.22,4,1439
13158.0,1201.06,4,784
13159.0,1429.35,4,1058
13160.0,91.8,1,56
13161.0,112.75,1,29
13162.0,1688.29,4,1713
13165.0,1021.48,2,1376
13166.0,417.2,1,216
13167.0,791.33,4,785
13168.0,1299.59,4,670
13169.0,712.88,2,272
13170.0,108.81,1,141
13171.0,468.41,3,229
13173.0,353.65,2,277
13174.0,2742.82,3,1352
13176.0,481.49,1,448
13177.0,282.45,1,91
13178.0,5725.47,11,3570
13182.0,121.18,1,201
13183.0,3957.78,9,2208
13184.0,1668.95,10,1662
13185.0,71.4,1,12
13186.0,1575.89,3,820
13187.0,236.02,1,95
13188.0,114.60000000000001,1,25
13189.0,260.68,2,842
13192.0,911.94,2,595
13193.0,112.08,1,46
13194.0,60.7,1,26
13196.0,1797.78,4,1224
13198.0,3401.2400000000002,6,2648
13199.0,9817.12,38,6176
13200.0,870.09,4,516
13203.0,869.46,4,800
13207.0,250.26000000000002,2,130
13208.0,1217.65,6,803
13209.0,5891.61,8,4253
13210.0,353.48,1,316
13211.0,1095.42,3,834
13212.0,786.83,3,309
13213.0,1520.58,5,1360
13216.0,333.74,1,297
13217.0,533.98,3,262
13218.0,62.63999999999999,1,88
13220.0,819.2900000000001,4,196
13221.0,847.41,2,244
13223.0,163.20000000000002,2,88
13224.0,2155.95,2,1518
13225.0,6463.84,7,3416
13226.0,108.21000000000001,1,80
13227.0,257.7,1,99
13228.0,358.0,1,200
13229.0,160.95,1,63
13230.0,2755.63,14,1638
13232.0,1328.35,7,773
13233.0,605.12,2,1004
13235.0,1031.07,1,441
13236.0,744.85,2,416
13238.0,700.73,4,298
13239.0,329.56,1,327
13240.0,663.65,4,298
13242.0,270.40000000000003,3,130
13243.0,585.12,1,232
13244.0,121.74000000000001,1,38
13245.0,430.5,1,125
13246.0,1961.52,6,1587
13247.0,501.12,4,328
13248.0,465.68,2,305
13249.0,711.41,3,546
13253.0,1030.4,2,1572
13255.0,399.51,2,177
13258.0,672.83,3,282
13259.0,283.18,1,126
13260.0,557.62,1,142
13261.0,944.1,2,210
13262.0,200.29,1,125
13263.0,7436.93,35,4768
13265.0,2092.66,5,1740
13266.0,3834.2599999999998,12,4428
13267.0,4521.49,19,1969
13268.0,3174.75,11,3624
13269.0,5343.28,15,3513
13270.0,590.0,1,200
13271.0,211.49,1,240
13272.0,276.56,2,96
13273.0,138.98,1,153
13276.0,590.9300000000001,2,161
13277.0,258.4,4,176
13278.0,542.73,1,537
13279.0,137.75,1,73
13280.0,798.46,3,518
13282.0,1132.14,3,307
13283.0,93.66,2,90
13284.0,201.19,1,91
13285.0,2709.12,4,2051
13291.0,361.11,1,233
13292.0,578.9399999999999,2,347
13294.0,873.74,2,453
13295.0,201.20000000000002,1,82
13296.0,87.4,1,78
13297.0,2089.85,4,963
13298.0,360.0,1,96
13299.0,142.5,1,30
13300.0,371.89,1,203
13301.0,618.09,4,345
13302.0,63.75,1,5
13304.0,300.42,1,238
13305.0,2000.86,10,1232
13307.0,15.0,1,4
13308.0,1385.51,3,843
13309.0,1456.79,5,1544
13310.0,1132.03,3,587
13311.0,598.57,2,305
13313.0,1555.32,5,851
13314.0,775.94,3,560
13316.0,5732.93,4,5508
13317.0,2273.68,6,1035
13318.0,640.76,3,304
13319.0,10845.550000000001,26,4724
13320.0,1532.2,4,1086
13321.0,567.36,2,372
13322.0,199.48000000000002,1,117
13323.0,787.85,5,175
13324.0,7121.95,10,5205
13325.0,675.3,1,240
13327.0,3627.77,8,1600
13328.0,1308.48,1,680
13329.0,789.0,2,463
13330.0,1140.93,3,751
13332.0,350.9,1,179
13334.0,3502.32,3,1764
13336.0,795.12,1,559
13338.0,487.02,1,256
13339.0,860.12,1,326
13340.0,10736.48,7,5770
13341.0,775.85,1,301
13343.0,353.43,1,135
13344.0,2511.69,3,952
13345.0,389.5,1,141
13347.0,341.36,1,205
13348.0,233.76,1,136
13349.0,247.32,1,225
13350.0,979.12,2,287
13351.0,373.94,1,117
13352.0,397.97999999999996,1,321
13354.0,743.53,1,604
13355.0,674.7,1,314
13356.0,768.24,1,325
13357.0,609.4,1,321
13358.0,439.03,1,285
13359.0,439.56,1,161
13362.0,3090.7400000000002,4,1382
13363.0,992.5,2,710
13364.0,134.95999999999998,1,71
13365.0,2225.37,2,1247
13366.0,56.160000000000004,1,144
13368.0,623.4,2,327
13369.0,308.28000000000003,1,149
13370.0,754.87,1,343
13372.0,378.64,1,159
13373.0,3312.25,3,1651
13375.0,778.65,1,442
13376.0,1019.76,3,493
13379.0,572.56,3,601
13381.0,3639.31,6,2029
13382.0,222.99,1,131
13384.0,4151.93,7,2422
13385.0,534.57,1,281
13388.0,677.1,2,282
13389.0,797.96,3,429
13390.0,544.08,1,224
13391.0,59.8,1,4
13394.0,2520.02,8,2392
13395.0,307.72,1,336
13396.0,1360.99,2,600
13397.0,1544.13,5,430
13398.0,457.34,1,281
13402.0,621.23,2,479
13403.0,75.0,1,44
13404.0,252.49,2,111
13405.0,572.451,3,165
13408.0,28117.04,62,16232
13410.0,1003.06,5,518
13411.0,213.55,1,72
13414.0,1390.5,3,1574
13416.0,712.5,2,142
13417.0,640.83,2,162
13418.0,6127.43,18,3918
13419.0,221.06,1,275
13420.0,159.85,2,101
13421.0,1833.71,2,1128
13422.0,2626.3,1,1326
13425.0,1624.21,3,1123
13426.0,3641.32,10,2245
13427.0,582.6,3,545
13428.0,201.78,1,151
13429.0,1006.8,4,1390
13430.0,679.45,2,751
13431.0,1269.1,2,672
13434.0,534.24,2,300
13435.0,3809.8900000000003,7,2129
13436.0,196.89,1,76
13437.0,3408.06,7,1283
13439.0,283.71,1,242
13441.0,296.64,1,204
13447.0,1129.14,3,584
13448.0,3534.69,6,1648
13449.0,291.88,1,222
13450.0,2043.7199999999998,6,1982
13451.0,2898.2599999999998,5,2128
13452.0,590.0,2,2
13453.0,356.97999999999996,2,134
13455.0,1058.34,2,354
13456.0,1766.72,6,765
13458.0,9646.57,14,5508
13460.0,183.44,2,286
13461.0,1445.0,3,1170
13462.0,151.5,1,62
13464.0,674.68,1,403
13466.0,307.9,1,259
13467.0,1071.91,2,580
13468.0,5704.97,37,2589
13470.0,165.0,2,100
13471.0,2501.84,4,1583
13473.0,422.64,2,266
13474.0,226.84,1,129
13475.0,1431.78,4,1012
13476.0,1238.47,2,417
13477.0,1454.58,6,1021
13479.0,300.95,2,134
13481.0,1804.56,5,1142
13482.0,184.64,1,116
13483.0,140.34,1,160
13484.0,313.8,1,44
13485.0,454.24,1,277
13486.0,1122.41,3,669
13487.0,575.4,3,265
13488.0,8968.31,13,4518
13489.0,449.52,4,560
13491.0,1215.82,10,903
13492.0,1269.84,3,408
13493.0,618.63,2,380
13494.0,316.26000000000005,1,162
13495.0,2044.8700000000001,5,829
13496.0,653.33,2,341
13497.0,348.05,2,163
13499.0,1159.11,5,1365
13500.0,1166.77,3,609
13501.0,1340.32,1,560
13502.0,292.0,3,264
13503.0,216.85,1,248
13504.0,295.93,1,178
13505.0,4393.63,4,2486
13506.0,458.52,2,324
13507.0,2479.16,4,1597
13508.0,110.97,1,24
13509.0,979.72,7,1106
13510.0,1791.56,4,1386
13512.0,251.21,1,143
13513.0,205.1,1,109
13514.0,152.20000000000002,1,40
13515.0,891.12,4,681
13516.0,1389.41,3,985
13517.0,2128.42,3,1369
13518.0,627.16,1,382
13519.0,122.75,1,23
13520.0,3624.35,6,1649
13521.0,1071.73,3,718
13522.0,125.80000000000001,1,44
13523.0,3964.88,5,1752
13524.0,680.1800000000001,5,324
13525.0,628.78,2,394
13527.0,2242.36,7,1683
13529.0,307.76,2,74
13531.0,483.8,2,174
13532.0,210.31,1,129
13533.0,269.09,3,202
13534.0,5870.08,25,2961
13536.0,3444.39,7,2126
13538.0,1280.85,7,175
13539.0,631.34,3,320
13544.0,276.06,2,112
13546.0,621.09,3,357
13548.0,678.16,2,436
13549.0,918.2,7,458
13551.0,91.80000000000001,1,12
13552.0,3740.07,12,1417
13555.0,4098.88,4,2636
13557.0,584.06,2,546
13558.0,594.52,4,338
13560.0,171.42000000000002,1,63
13561.0,141.85999999999999,1,83
13562.0,1799.33,3,757
13563.0,777.53,2,209
13564.0,1724.67,3,636
13565.0,240.22,2,172
13566.0,856.84,2,567
13568.0,187.05,1,66
13569.0,338.62,2,156
13570.0,239.49,1,161
13571.0,2088.94,12,1757
13572.0,1384.25,1,534
13573.0,290.25,2,302
13575.0,732.0699999999999,5,449
13576.0,6717.34,18,2646
13577.0,1687.6000000000001,4,791
13579.0,467.04,2,176
13581.0,118.0,1,30
13583.0,781.03,1,725
13584.0,142.4,1,37
13587.0,712.4,1,180
13588.0,2478.95,9,2606
13589.0,379.65,2,114
13590.0,1981.92,6,1848
13591.0,1117.13,3,485
13592.0,247.95999999999998,4,84
13593.0,2011.88,5,719
13594.0,396.97,1,359
13596.0,664.11,2,384
13598.0,160.04,1,52
13599.0,5149.92,21,3293
13600.0,219.52,1,324
13601.0,693.32,2,548
13602.0,428.89,1,267
13603.0,164.34,1,164
13606.0,276.75,3,276
13607.0,675.51,1,288
13610.0,1082.33,7,488
13611.0,1154.4,3,754
13614.0,1585.46,4,564
13615.0,417.69,1,189
13617.0,544.18,3,300
13618.0,177.34,1,246
13621.0,213.85,1,343
13623.0,727.74,5,286
13626.0,257.23,1,209
13627.0,1638.47,5,1269
13629.0,7792.36,11,4372
13630.0,2031.78,7,1391
13631.0,3070.42,11,467
13632.0,2118.93,5,1031
13634.0,1547.3600000000001,5,700
13635.0,1071.03,1,677
13636.0,949.12,5,592
13637.0,804.3,3,405
13638.0,122.64,1,93
13639.0,1033.34,1,800
13642.0,312.28,1,151
13643.0,519.44,3,273
13644.0,2624.26,4,2067
13645.0,252.1,1,158
13647.0,1648.1200000000001,4,887
13649.0,346.6,2,139
13650.0,1836.34,6,922
13651.0,94.2,2,33
13652.0,1095.08,3,578
13654.0,2707.33,6,2182
13655.0,932.97,2,605
13656.0,379.65,2,490
13657.0,382.14,2,209
13658.0,2639.17,5,1019
13659.0,1563.0,2,882
13662.0,881.26,3,533
13663.0,189.47,1,91
13666.0,84.65,3,41
13667.0,299.05,1,149
13668.0,6309.83,21,3722
13669.0,218.55,2,237
13670.0,349.7,1,282
13672.0,186.39000000000001,2,57
13673.0,387.44,2,114
13675.0,486.82000000000005,2,330
13678.0,232.6,1,924
13680.0,3719.12,4,1934
13681.0,827.83,4,360
13682.0,59.5,1,10
13684.0,65.13,1,38
13685.0,3119.44,7,5056
13686.0,72.0,1,70
13689.0,910.0,1,512
13690.0,172.25,1,67
13692.0,1488.32,3,1226
13694.0,65039.62,50,63312
13695.0,2504.13,15,1603
13697.0,151.29999999999998,1,177
13699.0,308.58000000000004,1,66
13700.0,2248.63,10,2281
13703.0,99.5,1,10
13704.0,2308.06,9,1531
13705.0,711.86,3,363
13706.0,330.79,1,189
13707.0,806.41,2,351
13708.0,285.33,1,301
13709.0,6307.650000000001,13,3508
13710.0,180.48,1,176
13711.0,252.06,2,140
13712.0,228.84,1,352
13715.0,1077.39,5,562
13716.0,138.28,1,138
13717.0,1445.01,6,1959
13718.0,306.55,2,173
13719.0,1041.68,5,609
13720.0,799.9,4,501
13721.0,524.14,1,316
13722.0,2375.41,3,1401
13723.0,199.85000000000002,1,43
13725.0,1980.56,8,806
13726.0,1079.6599999999999,2,1054
13727.0,333.48,2,162
13728.0,1016.14,6,458
13730.0,752.6,2,488
13731.0,610.59,2,278
13732.0,491.86,1,498
13735.0,2883.54,4,1128
13736.0,729.8,2,496
13737.0,339.59999999999997,1,125
13739.0,216.9,1,54
13740.0,350.75,1,425
13741.0,668.4300000000001,3,218
13742.0,3107.87,12,1115
13743.0,1341.6,7,1776
13744.0,1080.52,2,1153
13745.0,300.04,1,496
13747.0,79.6,1,8
13748.0,948.25,5,439
13750.0,1647.26,5,516
13751.0,296.25,1,152
13752.0,1175.38,6,874
13753.0,741.26,1,512
13754.0,282.59999999999997,2,214
13755.0,2108.06,9,1242
13756.0,5189.52,14,3188
13758.0,3190.55,7,1844
13759.0,659.4100000000001,2,287
13760.0,286.79,2,197
13761.0,1070.65,2,642
13762.0,306.72,1,272
13763.0,1714.96,1,728
13764.0,1519.42,3,926
13767.0,17220.36,37,7322
13769.0,2796.51,10,1163
13771.0,2634.45,4,1477
13772.0,1122.63,3,540
13774.0,345.0,1,192
13777.0,25977.16,33,12897
13778.0,178.7,1,70
13780.0,360.01,2,318
13781.0,127.84,1,30
13782.0,908.86,6,369
13784.0,2462.79,11,2493
13786.0,230.39999999999998,1,136
13787.0,309.04,2,337
13790.0,348.8,1,748
13791.0,1516.0,2,1200
13792.0,195.55,2,92
13798.0,37153.85,57,23948
13799.0,688.86,2,402
13800.0,558.32,1,331
13801.0,324.8,1,168
13802.0,4599.42,3,2572
13803.0,277.07,1,121
13804.0,2588.39,7,1462
13805.0,924.6,2,1900
13806.0,256.38,1,56
13807.0,112.6,1,36
13808.0,1747.66,5,782
13809.0,155.05,1,29
13810.0,1499.01,3,312
13811.0,814.5,3,68
13812.0,539.0,3,333
13813.0,1366.8600000000001,4,552
13814.0,1579.12,2,864
13815.0,4027.36,4,2560
13816.0,571.6700000000001,2,269
13817.0,382.98,2,211
13819.0,1140.35,3,1109
13821.0,385.64,2,153
13822.0,632.0,2,611
13823.0,957.66,2,439
13824.0,1698.94,5,768
13826.0,189.5,1,82
13827.0,409.8,3,138
13828.0,209.49,1,311
13831.0,2198.45,6,743
13832.0,52.199999999999996,1,28
13833.0,383.85,1,117
13835.0,834.57,4,442
13837.0,266.59000000000003,2,182
13838.0,674.82,4,254
13841.0,85.0,1,100
13842.0,3385.62,9,1768
13844.0,361.62,1,196
13845.0,312.98,1,182
13846.0,865.0600000000001,3,388
13848.0,1255.0,3,3700
13849.0,1537.95,2,1016
13850.0,1595.48,1,944
13851.0,2651.46,3,1705
13853.0,1090.14,1,312
13854.0,8109.5199999999995,25,2296
13856.0,388.5,3,494
13858.0,216.17,1,75
13859.0,201.16,1,129
13860.0,1245.9,5,591
13862.0,2209.36,8,1688
13863.0,305.78,1,224
13865.0,501.56,4,204
13866.0,145.67000000000002,1,57
13867.0,1005.09,3,501
13868.0,3192.54,2,1964
13869.0,3083.65,4,1709
13870.0,2770.94,8,1325
13871.0,6403.25,13,2806
13873.0,389.6,3,140
13874.0,540.45,1,180
13875.0,1786.79,5,1316
13876.0,122.7,1,36
13877.0,117.24,1,108
13878.0,1271.57,1,463
13880.0,3219.77,13,1842
13881.0,17159.52,20,10118
13882.0,1191.13,5,953
13883.0,2674.48,5,1436
13884.0,787.6,5,300
13885.0,506.8,2,182
13886.0,243.56,1,126
13887.0,349.55,1,147
13888.0,595.67,2,254
13889.0,416.90000000000003,1,146
13890.0,1883.8100000000002,10,831
13892.0,632.97,4,983
13893.0,821.1,1,190
13894.0,564.62,3,354
13895.0,2593.07,4,1365
13897.0,311.16,1,200
13898.0,155.93,1,133
13899.0,388.52,2,156
13900.0,740.95,3,430
13901.0,2867.2,5,1739
13904.0,332.64,2,332
13908.0,2369.55,4,1478
13911.0,2580.91,9,2731
13914.0,626.45,2,380
13917.0,272.04,2,228
13918.0,1212.8400000000001,2,1140
13919.0,384.81,2,474
13922.0,172.25,1,93
13923.0,351.13,1,185
13924.0,1838.8500000000001,6,1575
13925.0,678.25,4,331
13926.0,223.85000000000002,1,104
13927.0,348.99,1,214
13928.0,464.57,4,129
13929.0,842.65,2,143
13930.0,337.34,2,274
13931.0,1237.53,2,725
13932.0,307.4,1,72
13933.0,608.7900000000001,2,205
13934.0,922.1,1,390
13936.0,376.58,1,330
13937.0,158.85,1,123
13938.0,71.66,1,70
13939.0,568.55,3,847
13940.0,839.14,4,516
13941.0,5112.96,5,2364
13946.0,561.5699999999999,3,443
13947.0,90.6,1,44
13948.0,102.0,1,40
13949.0,2427.32,6,2474
13950.0,745.06,4,323
13951.0,674.45,3,459
13952.0,3251.071,2,1431
13953.0,3515.68,7,2724
13954.0,439.92,2,150
13955.0,322.96,2,154
13956.0,1019.27,5,486
13959.0,594.04,3,355
13960.0,230.22,2,142
13962.0,169.55,2,87
13963.0,664.54,4,460
13967.0,80.7,1,42
13969.0,9024.17,18,4528
13971.0,2758.26,8,1844
13972.0,190.25,2,187
13973.0,264.7,1,109
13974.0,413.59000000000003,1,249
13975.0,2461.2400000000002,6,1697
13976.0,357.98,1,154
13978.0,196.79000000000002,2,315
13979.0,869.87,1,639
13980.0,200.14,1,172
13982.0,1871.81,4,1136
13983.0,2603.43,12,1183
13984.0,920.51,5,679
13985.0,7060.13,15,3445
13986.0,320.46,1,430
13988.0,4147.96,6,3044
13989.0,1266.08,2,1313
13990.0,311.3,1,190
13991.0,852.88,6,995
13992.0,76.8,1,64
13993.0,3466.36,9,900
13994.0,2274.14,6,932
13995.0,1393.69,5,879
13999.0,3901.81,12,2243
14000.0,635.66,1,710
14001.0,2043.0800000000002,3,962
14002.0,529.73,2,877
14004.0,4582.64,7,2668
14005.0,2874.72,5,2478
14006.0,962.19,3,641
14009.0,695.61,2,365
14012.0,328.8,1,160
14013.0,473.02,3,462
14014.0,505.18,1,1076
14015.0,917.34,1,378
14016.0,4341.21,4,2125
14019.0,1421.61,3,1037
14020.0,642.8,2,441
14021.0,631.9,3,192
14022.0,440.0,1,487
14023.0,584.07,2,345
14024.0,327.7,2,150
14027.0,104.82,1,62
14029.0,467.66,2,198
14030.0,2358.84,8,1478
14031.0,17286.86,19,5788
14032.0,2975.59,11,2032
14034.0,648.89,3,420
14035.0,1428.02,5,739
14036.0,626.65,1,268
14037.0,147.20000000000002,2,46
14038.0,1560.38,3,965
14039.0,152.2,1,92
14040.0,3560.32,12,1544
14041.0,141.41,1,94
14044.0,646.42,4,304
14045.0,1659.75,4,535
14046.0,154.99,1,460
14047.0,1308.6100000000001,5,381
14048.0,409.93,1,288
14049.0,5578.72,4,3808
14050.0,746.36,2,689
14051.0,15610.390000000001,23,3756
14052.0,225.36,1,89
14053.0,260.25,2,215
14054.0,92.46,1,62
14055.0,725.6400000000001,1,216
14056.0,8152.71,23,4252
14057.0,6211.66,17,4873
14059.0,183.6,1,128
14060.0,6140.42,19,5386
14062.0,10464.85,12,5593
14064.0,1334.34,5,1772
14066.0,152.55,1,45
14067.0,374.7,2,361
14068.0,265.85,1,73
14071.0,1437.57,8,994
14073.0,151.04,1,130
14075.0,942.26,3,754
14076.0,118.67,1,79
14077.0,499.41999999999996,5,268
14078.0,1049.37,6,310
14079.0,375.1,1,301
14080.0,45.599999999999994,1,48
14081.0,921.62,2,592
14082.0,182.25,1,110
14083.0,1002.9,9,705
14085.0,4421.29,18,3177
14087.0,191.47,1,250
14088.0,50491.81,13,12665
14089.0,158.75,1,133
14090.0,76.32000000000001,1,72
14092.0,4076.91,14,2066
14093.0,433.86,1,391
14096.0,65164.79,17,16352
14098.0,147.35,1,104
14099.0,3104.17,11,2179
14100.0,191.95000000000002,1,63
14101.0,5976.79,6,6942
14102.0,1105.8799999999999,5,769
14104.0,216.20999999999998,2,72
14105.0,1266.23,1,800
14107.0,2703.23,7,1793
14108.0,597.91,2,381
14109.0,144.2,1,88
14110.0,5683.15,12,2445
14111.0,692.85,4,458
14112.0,2915.15,7,1651
14113.0,1840.42,4,745
14114.0,386.53,2,101
14116.0,1382.74,5,707
14117.0,90.0,1,72
14121.0,2780.15,4,2082
14124.0,419.58000000000004,1,1618
14125.0,2720.63,3,1628
14126.0,706.1300000000001,3,508
14127.0,709.71,3,321
14128.0,637.5,2,564
14129.0,1123.8600000000001,5,592
14130.0,480.91,1,257
14132.0,3586.0299999999997,11,3368
14133.0,605.64,3,348
14135.0,4690.31,15,3850
14138.0,965.8800000000001,2,600
14139.0,415.82,1,510
14140.0,935.05,2,811
14141.0,915.13,4,355
14142.0,311.81,1,313
14143.0,115.8,1,30
14145.0,3742.2,4,756
14146.0,4191.0,5,2437
14147.0,483.4,2,108
14148.0,157.2,1,16
14149.0,446.62,1,218
14150.0,658.64,2,496
14152.0,621.29,2,711
14154.0,1345.62,2,465
14155.0,118.75,1,25
14156.0,117210.08,55,57768
14157.0,424.89000000000004,2,271
14158.0,507.66,1,781
14159.0,4630.35,11,4348
14161.0,1097.6200000000001,3,450
14162.0,289.36,2,142
14163.0,2445.91,4,893
14164.0,1631.77,2,1033
14165.0,120.44,1,53
14167.0,562.59,4,147
14171.0,363.79,1,167
14173.0,450.84,4,150
14174.0,134.46,1,94
14175.0,3222.3,3,1515
14176.0,576.9000000000001,4,209
14177.0,549.46,4,204
14178.0,1600.26,7,1494
14179.0,701.57,2,319
14180.0,4748.52,25,719
14184.0,452.89,1,127
14185.0,197.65,1,6
14188.0,2054.36,6,1162
14189.0,4654.08,15,3937
14191.0,4684.76,13,3662
14193.0,853.39,2,445
14194.0,11349.52,21,5840
14195.0,1012.0,2,760
14196.0,335.52,1,142
14198.0,701.4,4,290
14199.0,185.39999999999998,1,28
14201.0,747.44,7,590
14204.0,150.61,1,72
14205.0,466.7,2,204
14206.0,328.15999999999997,1,276
14208.0,151.74,1,114
14209.0,2073.43,6,691
14210.0,1905.8400000000001,6,760
14211.0,2241.1,9,1242
14212.0,1070.48,1,1152
14214.0,1004.38,5,751
14215.0,1789.72,6,1358
14216.0,1839.3,4,594
14217.0,2004.98,17,689
14218.0,169.48000000000002,1,160
14219.0,89.94,1,78
14220.0,632.4,2,272
14221.0,3432.8,9,2191
14222.0,683.17,1,607
14223.0,991.13,3,585
14224.0,1009.73,4,483
14226.0,2214.79,5,1296
14227.0,3350.96,10,1820
14229.0,1547.2,3,610
14231.0,925.71,3,409
14232.0,2048.07,5,1941
14233.0,1462.72,4,680
14234.0,754.12,4,951
14235.0,3144.86,5,1959
14236.0,490.86,2,310
14237.0,161.0,1,38
14238.0,146.85,1,111
14239.0,2380.85,11,993
14240.0,890.34,2,418
14241.0,213.70000000000002,1,146
14242.0,280.55,2,123
14243.0,2588.77,10,1221
14245.0,1693.45,2,976
14246.0,1474.06,3,804
14247.0,136.76999999999998,1,47
14248.0,302.58,1,102
14250.0,1904.05,3,1200
14251.0,2879.7000000000003,5,1674
14256.0,969.0600000000001,2,414
14257.0,3099.7200000000003,5,1682
14258.0,12669.98,9,7100
14259.0,120.0,1,68
14261.0,1163.45,2,406
14262.0,2618.23,8,1645
14264.0,333.97,2,70
14265.0,530.18,2,330
14267.0,1516.24,3,530
14270.0,492.65000000000003,1,197
14271.0,112.32,1,88
14272.0,437.96,2,599
14273.0,559.97,4,264
14276.0,1119.74,3,744
14277.0,4188.0,3,1976
14280.0,134.04,1,52
14282.0,3701.44,15,2656
14284.0,595.25,2,161
14285.0,1910.01,4,541
14286.0,4628.75,3,4338
14287.0,176.63,3,261
14288.0,426.6,1,188
14289.0,911.26,6,292
14290.0,2314.65,5,915
14291.0,3883.25,11,2749
14292.0,4871.93,9,1663
14293.0,1046.56,4,709
14295.0,166.20000000000002,1,84
14297.0,1305.33,4,865
14298.0,51527.3,44,58343
14299.0,3965.62,9,2149
14300.0,43.2,1,32
14301.0,640.14,1,606
14304.0,383.45,1,139
14305.0,1858.96,3,1089
14306.0,2093.32,2,1075
14307.0,2995.72,6,2058
14309.0,2352.53,9,1633
14311.0,310.26,1,146
14312.0,1611.59,6,1012
14314.0,120.0,1,296
14315.0,2481.13,6,1021
14317.0,508.58000000000004,1,255
14320.0,477.79,2,325
14321.0,1530.75,5,2406
14323.0,605.0600000000001,2,350
14326.0,183.85,1,103
14327.0,311.65,1,139
14329.0,4975.24,7,3087
14331.0,462.65999999999997,2,252
14332.0,840.21,3,463
14333.0,415.2,1,58
14334.0,2552.21,8,1731
14335.0,454.86,2,375
14336.0,1614.91,4,1759
14338.0,588.22,2,335
14339.0,309.52,1,168
14340.0,134.7,1,58
14341.0,2166.98,8,1397
14342.0,668.5600000000001,4,347
14344.0,889.9300000000001,8,477
14345.0,108.97999999999999,1,50
14346.0,1021.58,2,605
14348.0,409.57,1,183
14349.0,133.5,1,86
14350.0,282.93,1,183
14351.0,51.0,1,12
14352.0,1078.96,4,538
14353.0,90.6,1,64
14354.0,163.62,2,210
14355.0,174.4,1,92
14356.0,701.23,2,277
14357.0,225.12,1,147
14359.0,912.18,3,371
14360.0,2118.03,4,1139
14362.0,151.5,1,96
14364.0,3717.35,8,1967
14367.0,9227.82,16,4426
14368.0,155.0,1,36
14371.0,100.5,1,34
14373.0,76.55,1,17
14375.0,235.56,1,184
14377.0,617.05,2,219
14379.0,348.1,2,292
14381.0,202.68,1,146
14382.0,615.49,1,1231
14383.0,1247.69,3,817
14385.0,202.11,3,159
14386.0,142.4,1,54
14387.0,1727.6,3,795
14388.0,3212.84,8,1941
14389.0,1043.46,2,729
14390.0,4642.57,9,2133
14393.0,67.95,1,13
14395.0,3479.91,9,1689
14396.0,487.99,2,225
14397.0,2612.96,19,1890
14400.0,574.7,1,454
14401.0,4051.48,13,4507
14403.0,1475.81,4,519
14404.0,1449.32,6,827
14406.0,156.75,1,77
14407.0,2157.73,6,1415
14408.0,2599.03,7,1610
14409.0,2059.4500000000003,6,1230
14410.0,1100.27,9,567
14411.0,1063.0,1,196
14412.0,770.03,2,786
14413.0,121.05,1,67
14414.0,1496.98,7,2512
14415.0,5855.57,13,2996
14416.0,490.22,2,326
14418.0,1937.25,3,1711
14419.0,1051.79,6,483
14420.0,387.52,1,334
14421.0,813.11,2,365
14422.0,4263.64,6,2906
14423.0,265.2,1,120
14424.0,322.08,1,48
14426.0,4481.67,10,2699
14427.0,363.34000000000003,2,228
14428.0,1224.06,5,428
14431.0,470.36,1,130
14432.0,2248.5,6,2013
14434.0,1372.8,6,368
14436.0,89.06,1,129
14437.0,63.0,1,60
14438.0,131.9,1,82
14439.0,2661.24,1,526
14440.0,2357.6800000000003,5,588
14441.0,1712.89,4,446
14442.0,1589.82,2,482
14443.0,1420.2,4,938
14446.0,1010.35,4,916
14447.0,1163.23,5,571
14448.0,375.35,2,104
14449.0,885.8,4,741
14450.0,483.25,3,241
14451.0,643.9,2,378
14452.0,259.05,2,116
14453.0,119.93,1,49
14456.0,3017.28,9,2885
14457.0,113.64,1,88
14459.0,1837.92,1,760
14460.0,434.34,3,881
14461.0,2103.06,3,766
14462.0,1980.57,11,956
14463.0,529.62,3,179
14465.0,1038.44,3,398
14466.0,2272.4,7,1006
14467.0,596.26,4,276
14470.0,461.19,2,193
14472.0,1852.67,8,1135
14473.0,234.34000000000003,2,88
14474.0,547.66,1,140
14475.0,925.85,3,447
14476.0,193.0,1,110
14477.0,1309.6,4,720
14479.0,316.25,2,117
14480.0,279.05,1,143
14481.0,636.51,2,489
14482.0,2022.81,6,1627
14483.0,137.1,1,97
14484.0,321.92,1,210
14485.0,162.8,1,70
14487.0,1165.48,6,712
14488.0,1064.28,1,799
14489.0,463.38,1,299
14491.0,340.93,2,139
14493.0,2383.2400000000002,5,1285
14494.0,139.56,1,92
14495.0,123.8,2,62
14496.0,538.8100000000001,2,159
14497.0,475.37,1,235
14498.0,1957.32,5,1098
14499.0,808.44,3,496
14500.0,356.85,3,117
14501.0,251.21,2,161
14502.0,2429.83,11,1480
14503.0,3543.26,6,2004
14504.0,673.26,4,308
14505.0,5859.43,8,2739
14506.0,1960.65,5,704
14507.0,1367.88,6,594
14508.0,268.05,2,129
14511.0,1314.81,5,784
14512.0,275.28,2,122
14513.0,455.59000000000003,3,361
14514.0,990.2,3,564
14515.0,2076.89,6,1110
14517.0,330.45,2,91
14518.0,174.37,1,278
14520.0,270.6,2,146
14522.0,974.54,4,525
14523.0,241.09,1,251
14524.0,1843.83,9,669
14525.0,4215.9,9,2637
14527.0,8507.13,55,2088
14528.0,364.21999999999997,1,278
14529.0,578.61,3,325
14530.0,2862.11,6,1395
14532.0,932.85,4,284
14533.0,1949.72,7,4019
14534.0,4397.3,18,2027
14535.0,2854.84,3,1824
14536.0,170.95,1,39
14537.0,355.56,1,120
14538.0,388.25,2,155
14539.0,537.48,2,428
14540.0,952.66,3,411
14541.0,1453.35,8,641
14542.0,103.25,1,19
14543.0,3599.73,16,675
14544.0,2004.3,2,1536
14546.0,2573.93,5,1313
14547.0,3974.75,8,2639
14548.0,652.8,2,256
14549.0,289.24,1,136
14550.0,757.37,2,389
14551.0,186.23,2,106
14552.0,164.22,1,90
14553.0,859.27,5,493
14554.0,2279.4900000000002,4,1443
14555.0,312.54,2,122
14557.0,788.38,1,510
14560.0,2237.77,22,1260
14561.0,1080.76,3,1014
14562.0,5006.77,18,1815
14565.0,3099.12,4,1540
14566.0,1432.0,1,800
14567.0,1530.3600000000001,2,412
14569.0,227.39,1,79
14570.0,218.06,2,95
14572.0,2804.54,7,1420
14573.0,1639.82,9,534
14576.0,35.400000000000006,1,12
14577.0,859.71,4,353
14578.0,168.63,1,240
14581.0,138.6,1,217
14582.0,114.11,1,73
14583.0,986.96,5,751
14584.0,1033.06,4,381
14585.0,157.05,1,91
14586.0,237.36,1,444
14587.0,1580.29,9,749
14589.0,39.75,1,5
14591.0,1320.21,4,1228
14592.0,557.94,3,407
14593.0,617.15,3,330
14594.0,363.33,2,183
14595.0,1740.6,6,978
14597.0,866.24,2,566
14598.0,221.97,1,189
14600.0,393.33000000000004,1,125
14601.0,213.96,1,168
14603.0,660.0,1,400
14606.0,12076.15,93,6187
14607.0,16209.5,14,11526
14608.0,1785.15,4,437
14609.0,601.56,4,7026
14616.0,406.08000000000004,3,104
14618.0,553.44,3,264
14619.0,394.44,1,152
14620.0,412.78000000000003,2,214
14621.0,1788.3600000000001,5,993
14622.0,320.58000000000004,1,146
14623.0,886.7,5,418
14624.0,225.85,2,162
14625.0,899.63,2,335
14626.0,2791.27,4,1403
14628.0,671.96,2,272
14629.0,955.26,2,378
14631.0,1006.98,3,622
14632.0,114.56,1,96
14633.0,344.90000000000003,1,96
14636.0,609.85,2,241
14638.0,443.6,1,166
14639.0,2984.49,6,1431
14640.0,2107.38,6,880
14641.0,110.46,1,90
14642.0,96.12,1,76
14643.0,693.8100000000001,2,815
14644.0,830.76,2,258
14645.0,597.09,2,381
14646.0,280206.02,73,196915
14647.0,236.04000000000002,1,91
14649.0,1402.59,4,1004
14651.0,653.75,2,343
14652.0,114.18,1,53
14653.0,1926.65,7,945
14655.0,1932.23,4,1089
14656.0,291.05,2,120
14657.0,848.22,4,466
14658.0,247.15,2,47
14659.0,2529.93,9,1195
14660.0,285.74,2,228
14661.0,107.95,1,35
14662.0,741.37,4,578
14664.0,636.24,2,465
14665.0,1835.7,5,740
14666.0,195.25,1,161
14667.0,9175.04,25,5319
14669.0,1259.24,3,770
14670.0,392.86,2,326
14672.0,765.55,2,454
14673.0,1736.4,5,1004
14675.0,596.36,1,336
14676.0,2548.2400000000002,6,2500
14680.0,28754.11,16,13476
14681.0,498.95,3,76
14682.0,52.0,2,80
14684.0,1201.51,5,821
14687.0,628.38,1,470
14688.0,5579.1,21,3584
14689.0,112.8,1,76
14690.0,355.05,2,167
14691.0,2114.33,5,707
14692.0,591.55,4,265
14693.0,172.9,1,34
14696.0,2078.95,7,1630
14697.0,188.60999999999999,2,181
14698.0,1217.27,5,602
14699.0,109.13000000000001,1,77
14700.0,2195.1,3,1314
14701.0,2526.09,9,921
14702.0,3251.79,17,1439
14703.0,318.17,1,183
14704.0,1493.96,9,1043
14705.0,179.0,1,100
14708.0,1126.37,3,621
14709.0,4921.04,13,2484
14710.0,599.48,4,375
14711.0,2839.62,11,966
14712.0,917.07,3,315
14713.0,2662.2,11,1613
14714.0,160.19,1,229
14715.0,867.38,4,521
14716.0,307.51,2,495
14719.0,1581.84,5,1025
14720.0,663.81,3,219
14722.0,180.42000000000002,1,118
14723.0,1122.3600000000001,6,673
14725.0,655.58,1,588
14727.0,268.58,1,62
14729.0,313.49,1,197
14730.0,1897.57,8,1078
14731.0,380.02,3,256
14732.0,2702.4900000000002,8,1405
14733.0,9585.91,12,3764
14735.0,6065.69,32,2264
14737.0,1164.55,3,345
14738.0,1314.45,7,601
14739.0,3902.28,7,3820
14740.0,1448.21,3,735
14741.0,1400.34,6,841
14744.0,1099.98,7,627
14745.0,1220.26,5,1038
14747.0,328.2,1,84
14748.0,1415.75,5,1223
14752.0,389.64,1,260
14753.0,563.15,1,211
14754.0,638.05,2,486
14755.0,5010.28,11,2219
14756.0,738.96,1,416
14757.0,420.5,1,160
14758.0,1484.06,4,419
14759.0,1625.97,3,569
14760.0,89.2,1,40
14761.0,255.9,2,118
14762.0,300.52,1,341
14764.0,278.3,1,190
14765.0,254.11,3,135
14766.0,2473.37,6,1349
14768.0,192.60000000000002,2,52
14769.0,10416.98,8,7239
14770.0,876.42,2,490
14772.0,139.26,1,82
14775.0,1011.9,3,1174
14776.0,2538.3,11,3134
14778.0,730.86,2,306
14779.0,386.15,3,84
14780.0,447.68,2,310
14782.0,200.10000000000002,1,114
14784.0,289.99,2,237
14785.0,77.4,2,84
14788.0,679.4399999999999,2,421
14789.0,197.64,1,116
14790.0,745.06,4,699
14792.0,6.2,1,2
14793.0,228.99,1,91
14794.0,1319.91,7,673
14795.0,131.45000000000002,1,17
14796.0,7975.49,17,5995
14798.0,173.74,3,150
14799.0,157.7,1,146
14800.0,4331.79,12,3644
14801.0,189.34,1,173
14803.0,845.55,3,370
14804.0,353.27,1,121
14805.0,546.4,4,114
14806.0,193.39000000000001,1,330
14808.0,2718.6,8,2120
14810.0,2085.33,11,1015
14813.0,152.88,2,66
14815.0,778.5,2,744
14816.0,271.85,1,5
14817.0,1110.34,2,655
14818.0,657.8,3,324
14819.0,272.07,2,109
14820.0,507.29,4,253
14821.0,48.800000000000004,1,20
14823.0,321.43,3,88
14824.0,1127.71,4,525
14825.0,2221.01,12,989
14828.0,2139.76,3,2172
14829.0,697.55,4,452
14830.0,188.88,1,164
14834.0,1720.3,6,734
14836.0,102.44999999999999,3,45
14837.0,1649.5,4,1436
14840.0,62.85,1,31
14841.0,3295.76,6,1778
14842.0,2824.69,4,1166
14844.0,3189.81,4,1833
14847.0,309.4,1,120
14849.0,7930.54,25,5694
14850.0,325.75,1,293
14851.0,511.35,2,325
14852.0,2836.69,6,1747
14853.0,475.8,2,82
14854.0,2740.03,7,1820
14855.0,645.65,2,267
14856.0,1290.53,3,711
14857.0,1173.12,2,464
14859.0,1353.74,4,671
14860.0,170.32,1,232
14861.0,125.79,1,117
14862.0,841.1999999999999,2,772
14863.0,266.76,1,132
14865.0,52.2,2,108
14866.0,14389.9,12,6752
14867.0,710.28,3,328
14868.0,2953.59,8,1405
14869.0,721.45,2,549
14870.0,327.25,1,119
14871.0,501.28000000000003,4,179
14873.0,519.68,1,168
14875.0,1465.3200000000002,2,558
14878.0,1476.09,9,799
14880.0,690.59,3,365
14881.0,255.4,1,316
14882.0,589.7,2,158
14883.0,761.59,6,790
14885.0,765.3199999999999,1,724
14886.0,364.8,1,160
14887.0,1862.0,1,1100
14888.0,369.2,1,184
14889.0,135.9,1,90
14890.0,125.65,1,51
14891.0,554.38,2,505
14893.0,1237.8500000000001,2,799
14894.0,655.75,1,265
14895.0,11138.710000000001,20,4851
14896.0,468.77000000000004,2,279
14897.0,1366.38,4,468
14898.0,1269.31,6,1001
14901.0,1421.29,9,661
14902.0,332.66,1,218
14903.0,2795.33,5,1531
14904.0,1025.44,2,1985
14905.0,616.15,2,287
14907.0,3501.1,7,1691
14908.0,277.8,1,132
14910.0,434.35,4,238
14911.0,143711.17,201,80240
14912.0,867.85,2,971
14913.0,1227.43,4,1743
14915.0,307.48,2,112
14916.0,1268.98,4,1136
14918.0,1610.15,2,675
14920.0,977.77,2,509
14921.0,1316.07,2,953
14923.0,749.1,1,418
14924.0,310.05,1,64
14929.0,223.88,1,136
14930.0,2362.96,3,1160
14931.0,1257.68,5,417
14932.0,363.53,1,80
14934.0,1890.94,2,1042
14935.0,1784.71,1,935
14936.0,8137.02,8,4085
14937.0,1621.88,3,484
14944.0,5900.25,12,2815
14946.0,100.9,1,22
14947.0,290.82,2,179
14948.0,1101.97,6,673
14950.0,371.2,1,136
14951.0,311.69,1,311
14952.0,8099.49,11,3355
14953.0,285.67,1,224
14954.0,294.85,1,117
14957.0,58.49,1,34
14958.0,483.72999999999996,3,128
14959.0,695.42,4,494
14960.0,221.27,2,221
14961.0,7044.68,9,3708
14962.0,126.7,1,44
14963.0,1472.34,5,1159
14964.0,206.21,1,143
14965.0,596.09,2,363
14966.0,183.02,1,179
14967.0,463.8,1,140
14968.0,147.59,1,127
14970.0,1592.06,4,250
14971.0,1097.98,3,639
14972.0,114.77,1,28
14973.0,1314.45,3,369
14974.0,89.94,1,37
14975.0,279.94,1,380
14976.0,790.86,7,234
14978.0,1921.3700000000001,5,523
14981.0,102.12,1,97
14984.0,202.37,2,58
14985.0,292.01,2,256
14987.0,326.4,2,128
14988.0,334.54,1,141
14995.0,231.98000000000002,2,102
14997.0,546.1999999999999,3,1120
14998.0,414.87,2,258
15000.0,490.52,1,218
15002.0,1641.76,4,862
15004.0,1220.77,1,623
15005.0,6295.37,28,4230
15006.0,480.38,1,286
15007.0,156.91,1,69
15009.0,1259.43,3,639
15010.0,308.94,1,184
15012.0,405.04,2,225
15014.0,257.67,2,149
15016.0,170.04,1,76
15017.0,125.58,1,63
15018.0,496.21000000000004,3,189
15019.0,252.81,1,150
15021.0,1871.77,9,819
15022.0,852.39,4,527
15023.0,6720.41,11,2827
15024.0,1636.43,10,902
15025.0,361.96,1,184
15026.0,469.0,3,285
15027.0,1066.1499999999999,4,565
15028.0,627.13,4,459
15030.0,518.28,2,372
15031.0,653.19,4,400
15032.0,4959.1,3,2968
15033.0,2557.18,10,1672
15034.0,4274.16,8,2413
15035.0,252.73000000000002,1,245
15036.0,429.56,3,316
15038.0,685.74,6,212
15039.0,19766.59,47,9131
15041.0,179.93,1,103
15042.0,135.93,1,30
15043.0,537.0,1,300
15044.0,7634.7300000000005,17,2785
15045.0,735.66,2,114
15046.0,5090.42,15,3372
15047.0,343.62,1,222
15048.0,381.0,4,192
15049.0,121.17000000000002,1,63
15050.0,1737.69,3,1216
15051.0,1383.3600000000001,3,1010
15052.0,207.73000000000002,1,79
15053.0,693.95,3,984
15054.0,302.1,2,198
15057.0,1489.5,2,668
15058.0,2102.54,11,1054
15059.0,1337.72,9,604
15060.0,294.25,4,257
15061.0,54534.14,48,28920
15062.0,987.86,4,763
15063.0,370.79999999999995,1,56
15065.0,3158.13,4,1383
15066.0,893.59,1,317
15067.0,1744.76,3,954
15068.0,553.36,2,364
15069.0,1109.53,1,520
15070.0,106.2,1,36
15071.0,982.07,2,269
15073.0,1043.41,3,491
15074.0,735.67,1,431
15075.0,773.03,1,447
15076.0,880.85,1,571
15078.0,9743.11,32,5105
15079.0,895.61,4,389
15081.0,504.8,5,190
15083.0,88.2,1,38
15087.0,306.94,1,470
15088.0,1160.07,2,460
15089.0,2420.84,6,1359
15090.0,381.32,1,208
15091.0,480.71,1,346
15092.0,457.81,2,135
15093.0,4597.02,6,3760
15095.0,1370.6,4,1079
15096.0,219.39000000000001,1,120
15097.0,248.08,1,170
15098.0,39916.5,3,121
15099.0,410.48,1,343
15100.0,876.0,3,80
15101.0,317.53,2,241
15103.0,703.36,2,329
15104.0,993.54,2,635
15105.0,2298.93,7,1211
15106.0,1422.52,5,1181
15107.0,319.5,6,169
15108.0,1300.25,4,499
15109.0,484.95,1,131
15110.0,996.1,4,246
15111.0,1567.48,3,710
15113.0,3509.43,3,2344
15114.0,2760.56,10,3096
15115.0,340.11,1,157
15116.0,1352.75,4,648
15117.0,1551.78,5,1948
15118.0,244.8,1,1440
15119.0,266.4,1,88
15120.0,358.82,1,296
15121.0,457.72,2,199
15122.0,1633.78,3,800
15123.0,2199.31,2,1195
15124.0,184.19,2,233
15125.0,11528.48,15,6193
15127.0,406.53,1,251
15128.0,1471.0,4,1343
15129.0,3447.4,11,1794
15130.0,330.11,1,197
15132.0,977.9300000000001,5,679
15133.0,982.42,3,680
15134.0,1387.99,8,887
15135.0,139.05,1,43
15136.0,1286.7,4,776
15139.0,178.96,2,208
15140.0,2354.25,7,1572
15142.0,498.74,1,365
15143.0,259.45,1,150
15144.0,6580.44,17,3050
15145.0,1194.73,4,756
15146.0,1327.16,2,1473
15147.0,623.5,1,366
15148.0,301.29,1,187
15149.0,520.8000000000001,1,128
15150.0,5291.33,10,3642
15152.0,4745.69,13,2704
15153.0,329.25,1,198
15154.0,254.28,1,89
15156.0,961.49,3,597
15157.0,1936.07,3,2392
15158.0,401.40000000000003,1,198
15159.0,18641.010000000002,30,11441
15160.0,158.16,1,84
15163.0,304.47,2,186
15164.0,824.58,3,351
15165.0,487.75,1,160
15167.0,158.8,1,65
15168.0,106.56,1,52
15171.0,1289.5,1,290
15172.0,1624.05,5,1611
15174.0,135.75,1,145
15175.0,224.14,1,454
15178.0,40.5,1,30
15179.0,2206.95,5,1938
15180.0,87.5,1,36
15181.0,689.4799999999999,3,544
15182.0,622.85,2,253
15184.0,402.2,2,199
15185.0,310.62,1,666
15186.0,411.41,2,215
15187.0,4777.18,16,1887
15189.0,16225.39,41,6149
15192.0,1044.32,3,918
15193.0,499.32,1,144
15194.0,7616.53,15,5703
15195.0,3861.0,1,1404
15197.0,1079.6100000000001,3,469
15198.0,193.64,2,120
15199.0,1268.7,4,396
15201.0,1236.54,5,1210
15203.0,1827.8,6,1753
15204.0,316.58,1,258
15205.0,653.24,2,378
15206.0,420.29999999999995,4,162
15208.0,870.12,5,316
15210.0,331.18,1,228
15211.0,894.4100000000001,2,240
15212.0,101.8,1,36
15213.0,328.35,2,272
15214.0,1661.44,8,1254
15215.0,734.94,3,225
15216.0,96.6,1,28
15218.0,5756.89,11,3329
15219.0,305.75,1,45
15220.0,1778.96,6,1393
15221.0,403.25,1,43
15222.0,585.0,1,440
15223.0,755.75,2,213
15224.0,322.08,2,152
15225.0,409.40000000000003,1,226
15226.0,154.41,1,71
15227.0,1219.4,5,750
15228.0,3386.71,4,2255
15230.0,429.6,2,351
15232.0,612.06,2,686
15234.0,197.0,1,196
15235.0,2247.51,12,1324
15236.0,321.05,1,269
15237.0,1412.32,4,1071
15238.0,1071.99,3,692
15239.0,780.59,2,594
15240.0,1706.57,5,1369
15241.0,1756.44,8,1818
15243.0,316.68,1,185
15244.0,631.57,2,405
15245.0,2515.84,3,1784
15246.0,514.15,2,247
15247.0,356.0,1,160
15249.0,6688.46,13,3577
15251.0,10484.99,11,6171
15252.0,740.78,2,522
15253.0,918.1999999999999,5,866
15254.0,300.36,1,275
15255.0,890.85,1,489
15256.0,98.45,1,55
15257.0,317.15,1,46
15258.0,623.16,2,142
15260.0,1810.77,7,885
15261.0,254.82,1,270
15262.0,178.95000000000002,1,73
15263.0,156.51,1,89
15264.0,393.74,1,265
15265.0,1506.1200000000001,2,612
15266.0,119.3,1,18
15267.0,1717.36,5,944
15269.0,408.8,1,26
15270.0,2379.49,7,1521
15271.0,2493.34,15,1251
15272.0,721.94,2,310
15274.0,716.57,2,619
15275.0,615.14,1,498
15276.0,128.63,1,61
15277.0,255.89999999999998,1,205
15279.0,290.51,1,189
15280.0,113.12,1,154
15281.0,2332.15,9,1211
15286.0,240.55,1,55
15287.0,486.69,2,433
15288.0,2306.52,5,775
15289.0,939.78,3,1008
15290.0,7943.22,18,4501
15291.0,4668.3,15,2103
15292.0,178.39,1,55
15296.0,3672.86,6,1766
15297.0,641.94,3,292
15298.0,4799.9,12,3116
15299.0,4507.01,7,2948
15300.0,496.44,1,292
15301.0,5049.95,12,2751
15303.0,574.02,1,248
15304.0,694.4000000000001,8,104
15306.0,1174.35,3,810
15307.0,205.3,1,37
15308.0,310.47,1,175
15311.0,60632.75,91,38147
15312.0,924.85,4,516
15313.0,52.0,1,25
15314.0,327.97,1,313
15315.0,570.5,2,862
15316.0,165.0,1,100
15318.0,312.62,1,642
15319.0,204.5,1,175
15320.0,267.13,1,326
15321.0,2748.31,3,1181
15322.0,679.68,1,416
15325.0,161.74,1,231
15326.0,311.71,1,386
15327.0,208.75,1,116
15329.0,1049.7,3,486
15330.0,714.96,2,1312
15332.0,1661.06,4,652
15333.0,1028.56,1,344
15334.0,350.82,3,273
15335.0,170.22,1,79
15339.0,574.07,2,416
15341.0,2020.52,1,812
15342.0,406.09,1,283
15343.0,364.5,1,84
15344.0,563.94,3,116
15345.0,393.54,1,81
15346.0,252.42000000000002,1,144
15347.0,201.60000000000002,1,130
15348.0,158.04,1,84
15349.0,463.90999999999997,2,321
15350.0,115.65,1,51
15351.0,1934.66,7,742
15353.0,770.12,2,341
15355.0,277.05,2,45
15356.0,2718.03,10,1643
15358.0,8347.2,22,7050
15360.0,427.93,1,223
15361.0,418.92,1,336
15363.0,326.0,1,144
15364.0,913.19,2,493
15365.0,2314.32,7,1084
15366.0,602.51,2,621
15367.0,1877.59,4,1057
15368.0,446.94000000000005,1,230
15370.0,2386.05,7,830
15372.0,2007.3999999999999,1,2924
15373.0,2415.91,12,500
15374.0,168.0,1,126
15376.0,1221.56,3,615
15379.0,3703.29,7,2305
15380.0,1690.2600000000002,5,376
15381.0,596.85,2,171
15382.0,5955.71,6,4012
15384.0,642.41,2,596
15385.0,316.88,1,161
15386.0,394.14,1,446
15388.0,140.54,1,88
15389.0,500.0,1,400
15392.0,1535.53,4,1277
15393.0,231.86,2,150
15394.0,2183.54,4,910
15395.0,107.45,1,17
15396.0,288.18,1,122
15397.0,94.0,1,20
15398.0,1345.53,2,769
15399.0,815.77,3,611
15400.0,716.2,5,390
15402.0,626.77,2,694
15405.0,349.1,1,193
15406.0,510.71000000000004,2,254
15407.0,1046.74,4,552
15408.0,267.18,1,106
15410.0,3450.84,8,1200
15411.0,1348.93,4,529
15412.0,190.53,1,108
15414.0,774.9000000000001,3,443
15415.0,559.61,1,551
15416.0,3984.32,4,2090
15417.0,508.8,1,284
15419.0,135.86,1,230
15421.0,950.36,4,500
15422.0,97.7,2,38
15423.0,43.5,1,101
15424.0,383.34,2,554
15426.0,1404.07,5,656
15427.0,1430.54,3,967
15428.0,93.78,1,102
15429.0,397.35,2,380
15432.0,171.19,1,65
15433.0,533.3,2,534
15434.0,1041.48,5,647
15435.0,149.29,1,54
15436.0,1067.75,3,574
15437.0,200.16,1,79
15438.0,156.57999999999998,1,59
15440.0,383.68,3,197
15442.0,594.0,1,120
15443.0,3213.59,7,1639
15444.0,1411.21,2,759
15445.0,113.5,1,58
15447.0,155.17,1,85
15448.0,494.64,1,232
15449.0,974.52,3,812
15450.0,429.84,1,376
15452.0,528.48,3,280
15453.0,1371.77,7,837
15454.0,179.1,1,86
15456.0,434.59000000000003,3,633
15457.0,237.07,1,132
15458.0,161.64,1,156
15460.0,214.26,1,107
15462.0,234.6,3,172
15463.0,126.14,1,106
15464.0,1044.65,1,348
15465.0,7354.62,18,1257
15466.0,334.53,1,246
15467.0,524.88,3,310
15468.0,467.51,2,155
15469.0,538.55,2,153
15471.0,454.48,1,256
15472.0,371.56,1,251
15473.0,1771.2,7,672
15475.0,454.10999999999996,1,319
15478.0,1399.92,2,575
15480.0,905.5,1,303
15482.0,10879.76,12,5004
15483.0,225.26,4,291
15484.0,3590.41,4,3150
15485.0,2564.5,3,1281
15488.0,91.32000000000001,1,73
15489.0,1134.28,3,608
15491.0,3100.09,6,1646
15492.0,659.4599999999999,2,483
15493.0,1953.41,5,551
15494.0,1280.58,2,1139
15497.0,1262.2,2,624
15498.0,13316.4,27,6105
15500.0,1131.56,4,572
15502.0,10384.93,12,4236
15503.0,141.04,1,70
15504.0,52.83,1,33
15505.0,3610.96,5,2390
15506.0,972.08,3,842
15507.0,475.86,1,160
15508.0,1000.27,6,440
15510.0,250.0,1,2
15511.0,900.53,5,269
15512.0,121.0,2,68
15513.0,14758.220000000001,19,5709
15514.0,4023.7200000000003,11,2098
15516.0,62.43,3,27
15517.0,267.03,1,293
15518.0,1921.55,8,1263
15520.0,343.5,1,314
15521.0,3000.2,8,1836
15522.0,397.99,2,572
15523.0,412.01000000000005,1,132
15524.0,440.0,1,4
15525.0,734.37,3,387
15526.0,148.44,2,24
15527.0,2428.53,8,991
15528.0,229.33,1,123
15529.0,3962.6,11,3455
15530.0,1497.31,4,938
15531.0,1972.39,2,1085
15532.0,1564.73,4,515
15533.0,807.57,3,289
15535.0,502.9,4,135
15537.0,110.92,1,29
15539.0,538.46,1,410
15540.0,213.3,1,200
15541.0,85.13000000000001,1,49
15543.0,127.86,1,86
15544.0,3546.71,9,3109
15545.0,288.96999999999997,2,162
15547.0,4910.6,14,3999
15549.0,1681.46,3,694
15550.0,575.63,4,295
15551.0,436.06,1,218
15552.0,90.12,1,60
15553.0,428.93,1,449
15554.0,217.2,1,74
15555.0,4794.86,16,4427
15556.0,279.77,1,236
15557.0,468.91,1,213
15561.0,800.59,4,267
15562.0,134.55,1,39
15563.0,1400.44,4,1501
15565.0,173.16,2,60
15567.0,186.01,1,223
15568.0,758.29,3,461
15569.0,1375.71,5,666
15570.0,4148.82,12,2063
15571.0,650.4300000000001,4,264
15572.0,2533.42,7,1213
15573.0,591.1899999999999,2,355
15574.0,675.64,4,332
15576.0,921.37,1,394
15577.0,258.88,3,89
15578.0,127.1,1,52
15579.0,327.6,2,117
15581.0,3675.77,13,283
15582.0,682.9100000000001,3,453
15584.0,720.86,4,313
15585.0,455.3,1,320
15587.0,913.6800000000001,4,312
15589.0,478.53000000000003,3,243
15592.0,388.58,1,354
15593.0,199.8,1,60
15594.0,1771.78,5,983
15596.0,1406.59,5,561
15597.0,324.57,1,279
15598.0,240.68,1,160
15599.0,761.74,2,718
15601.0,6776.56,14,4983
15602.0,1297.8700000000001,9,1137
15603.0,48.480000000000004,1,96
15604.0,216.39,1,159
15605.0,1198.23,5,441
15606.0,2920.16,9,892
15607.0,104.76,1,202
15608.0,1093.68,4,714
15609.0,298.48,1,148
15610.0,112.46000000000001,1,66
15611.0,1591.45,13,504
15612.0,195.15,2,52
15615.0,10399.74,23,5508
15618.0,776.851,4,454
15619.0,336.40000000000003,1,136
15620.0,1553.18,3,915
15621.0,1293.03,4,501
15622.0,3709.56,9,1674
15623.0,301.03,1,125
15624.0,588.13,4,357
15625.0,1534.26,4,1188
15626.0,675.8,2,766
15628.0,2870.2400000000002,9,1894
15630.0,1186.35,2,800
15632.0,3285.31,8,2109
15634.0,243.55,1,99
15636.0,724.76,2,284
15637.0,223.36,1,128
15639.0,425.32,1,323
15640.0,12416.11,15,6572
15641.0,1887.2,4,1562
15643.0,664.0,3,246
15644.0,803.54,4,550
15645.0,612.01,1,256
15646.0,447.64000000000004,3,394
15648.0,639.5,2,218
15649.0,816.0,2,192
15651.0,646.3,3,479
15652.0,337.74,1,208
15653.0,877.4399999999999,2,1200
15654.0,922.53,2,475
15655.0,560.67,1,324
15656.0,748.5,4,343
15657.0,30.0,1,24
15658.0,1024.1000000000001,5,242
15659.0,306.45,1,111
15660.0,1600.86,9,1050
15661.0,309.8,2,236
15663.0,138.14,1,106
15664.0,386.43,1,157
15665.0,2222.21,2,1654
15667.0,301.32,1,240
15668.0,76.32000000000001,1,72
15669.0,684.34,4,342
15670.0,173.05,1,91
15671.0,2657.13,7,1699
15673.0,2726.23,4,1451
15674.0,2446.6,5,1275
15675.0,323.69,3,527
15676.0,3435.76,3,2252
15677.0,657.23,1,319
15678.0,352.7,1,184
15679.0,781.28,4,1170
15680.0,1333.68,3,952
15681.0,1426.16,5,816
15683.0,193.75,1,131
15687.0,2993.1,9,1310
15689.0,254.1,2,84
15690.0,239.76,2,408
15691.0,136.8,1,72
15692.0,191.04,1,138
15694.0,6479.4,14,1677
15695.0,409.98,2,212
15696.0,2711.11,8,1015
15699.0,309.65,1,113
15700.0,696.68,2,357
15701.0,1529.0,4,912
15703.0,211.5,1,66
15704.0,2293.62,4,1028
15705.0,143.1,1,62
15706.0,1060.56,4,321
15707.0,916.98,4,594
15708.0,3235.25,7,1217
15709.0,133.25,1,121
15712.0,1072.3600000000001,5,486
15713.0,356.7,2,150
15714.0,330.03000000000003,2,186
15716.0,1101.1100000000001,4,738
15717.0,150.3,1,70
15719.0,5030.07,13,2718
15720.0,598.73,1,281
15721.0,471.40000000000003,1,388
15722.0,2211.21,5,1023
15723.0,190.7,1,73
15724.0,218.25,2,73
15725.0,415.25,1,221
15727.0,5159.06,7,3063
15729.0,85.0,1,28
15730.0,1120.88,3,689
15732.0,294.12,2,215
15733.0,162.3,1,62
15734.0,1339.45,2,346
15737.0,1188.1200000000001,8,597
15738.0,4812.42,16,2982
15739.0,449.12,1,472
15740.0,154.88,1,152
15743.0,775.96,4,214
15744.0,34.8,1,120
15745.0,1094.59,4,421
15746.0,196.88,1,178
15747.0,946.64,3,466
15748.0,144.36,1,50
15749.0,44534.3,3,18028
15750.0,2463.05,8,1783
15752.0,2626.6,7,1960
15753.0,79.2,1,144
15754.0,458.57,3,199
15755.0,2364.25,6,1427
15756.0,528.01,4,241
15757.0,714.42,2,491
15758.0,205.25,1,47
15759.0,253.04,3,60
15762.0,583.75,2,251
15763.0,1086.92,2,271
15764.0,3279.97,6,2050
15766.0,315.06,1,170
15768.0,621.8299999999999,3,244
15769.0,56252.72,26,29672
15773.0,635.6800000000001,1,311
15774.0,270.8,1,87
15775.0,104.9,1,68
15776.0,241.62,1,138
15777.0,1047.11,4,378
15780.0,475.28000000000003,3,220
15781.0,345.46,3,180
15782.0,2614.7400000000002,3,864
15783.0,246.3,1,212
15785.0,2328.9700000000003,5,1612
15786.0,4919.0,3,3340
15787.0,933.26,3,534
15789.0,351.3,1,438
15790.0,218.75,1,113
15791.0,1612.69,2,731
15793.0,965.61,3,553
15795.0,610.01,1,581
15796.0,2708.61,8,860
15797.0,2207.4,4,873
15799.0,884.14,3,955
15800.0,696.89,2,332
15801.0,1063.95,3,570
15802.0,451.42,1,1
15803.0,415.82000000000005,1,290
15804.0,4206.39,13,2565
15805.0,5488.18,17,3367
15806.0,784.58,3,602
15807.0,903.9,3,430
15808.0,3651.27,4,1305
15809.0,515.77,5,301
15810.0,1391.98,4,861
15811.0,2218.62,6,1071
15812.0,1801.14,5,922
15813.0,1303.9099999999999,2,603
15814.0,1945.33,4,1271
15815.0,2100.6,5,1856
15819.0,1905.45,4,1357
15820.0,206.98,1,128
15821.0,570.96,2,202
15822.0,885.47,2,375
15823.0,15.0,1,1
15825.0,532.94,1,220
15826.0,1654.31,3,963
15827.0,1836.0900000000001,14,882
15829.0,636.14,2,996
15830.0,576.0,1,415
15831.0,794.64,3,1092
15832.0,836.79,1,465
15834.0,2225.15,4,961
15835.0,954.09,4,439
15836.0,137.37,1,26
15837.0,391.98,1,189
15838.0,33643.08,19,18368
15839.0,1048.49,3,675
15840.0,355.56,2,396
15841.0,1224.06,4,942
15843.0,118.95000000000002,1,27
15844.0,130.73999999999998,1,134
15845.0,3711.77,8,1926
15847.0,389.27,2,449
15850.0,234.88,2,298
15852.0,160.71,2,48
15853.0,110.8,1,135
15854.0,2969.12,12,926
15855.0,712.24,5,470
15856.0,16143.64,27,10866
15857.0,297.0,1,308
15858.0,1427.57,5,1163
15860.0,965.16,8,437
15861.0,3146.92,8,2528
15862.0,832.88,4,585
15863.0,68.84,2,19
15864.0,1936.3200000000002,6,1192
15865.0,895.13,3,368
15866.0,211.89,1,124
15867.0,3810.14,15,2052
15869.0,149.64,2,175
15870.0,351.44,1,333
15872.0,316.25,2,187
15874.0,4405.88,7,2534
15877.0,490.33,2,368
15880.0,329.03000000000003,1,202
15881.0,501.39000000000004,5,260
15882.0,516.36,4,276
15883.0,396.48,2,223
15885.0,379.35,3,111
15886.0,181.09,1,147
15888.0,168.31,1,76
15889.0,420.07,2,206
15891.0,511.68,1,418
15894.0,258.25,2,164
15895.0,179.17,1,94
15897.0,208.59,2,223
15898.0,1383.83,5,567
15899.0,56.25,1,39
15900.0,337.28,1,216
15901.0,351.73,3,379
15903.0,5126.76,7,2410
15904.0,164.68,1,84
15906.0,1567.69,7,544
15907.0,882.72,3,478
15909.0,191.94,1,98
15910.0,1228.88,8,1013
15912.0,264.62,2,185
15916.0,1502.8600000000001,8,752
15917.0,123.1,1,42
15918.0,334.23,2,153
15919.0,525.69,2,385
15920.0,167.5,4,99
15921.0,323.03000000000003,1,162
15922.0,369.5,1,138
15923.0,127.08,1,122
15925.0,207.15,1,93
15930.0,426.63,1,139
15932.0,2495.87,8,2325
15933.0,1107.46,3,885
15935.0,416.86,2,115
15937.0,145.35,1,73
15938.0,404.58,5,240
15939.0,6115.01,15,4728
15940.0,35.8,1,4
15942.0,337.44,1,232
15944.0,325.1,1,50
15945.0,181.0,1,52
15947.0,1708.24,1,898
15948.0,955.24,2,567
15949.0,364.72,2,284
15950.0,1744.71,4,719
15951.0,708.22,2,313
15952.0,781.91,4,391
15953.0,1657.28,8,891
15955.0,4416.26,14,2135
15957.0,428.89,1,211
15958.0,104.35,1,33
15963.0,470.76,2,298
15965.0,808.87,4,434
15967.0,397.68,2,205
15969.0,666.1,3,124
15970.0,314.1,1,116
15971.0,4199.85,12,1717
15973.0,307.82000000000005,1,106
15974.0,3442.15,7,2262
15975.0,371.01,1,243
15976.0,427.64,2,275
15977.0,1054.73,2,1016
15978.0,1098.78,1,888
15980.0,2398.86,3,1560
15981.0,3408.48,8,1866
15983.0,1465.12,4,886
15984.0,2780.63,10,1815
15985.0,1142.42,2,1086
15986.0,168.12,1,268
15987.0,1432.77,7,1533
15988.0,156.78,1,180
15990.0,792.11,2,443
15992.0,41.989999999999995,1,17
15993.0,2777.67,7,2037
15994.0,414.27,1,173
15996.0,1032.58,6,380
15998.0,3080.22,5,2032
16000.0,12393.7,3,5110
16003.0,2735.37,5,1185
16005.0,578.71,4,280
16006.0,101.4,1,84
16007.0,1693.81,4,1388
16008.0,478.78,3,323
16009.0,972.11,4,366
16010.0,392.4,3,202
16011.0,3352.96,16,2035
16012.0,1415.29,3,799
16013.0,37130.6,47,15536
16014.0,646.83,3,258
16015.0,704.55,3,907
16016.0,1465.51,8,602
16017.0,211.88,1,102
16018.0,408.90000000000003,2,190
16019.0,3786.2400000000002,9,1733
16020.0,851.01,3,487
16022.0,602.63,1,255
16023.0,719.81,3,358
16024.0,251.03,1,397
16025.0,439.65999999999997,1,338
16026.0,236.09,1,243
16027.0,934.62,6,1147
16029.0,80850.84,63,40108
16030.0,331.24,1,283
16031.0,547.9,2,421
16033.0,8778.82,20,3529
16034.0,437.7,3,242
16036.0,758.92,2,716
16037.0,855.02,3,428
16038.0,471.78000000000003,3,244
16040.0,1313.55,3,684
16041.0,3166.4,3,1584
16042.0,1177.47,5,743
16043.0,773.99,4,503
16045.0,1340.7,4,897
16048.0,256.44,2,144
16049.0,1074.81,3,763
16050.0,137.9,1,278
16052.0,362.06,1,282
16053.0,1511.95,2,1793
16054.0,783.9,1,380
16055.0,134.8,1,22
16056.0,650.75,1,345
16057.0,2263.12,7,863
16059.0,1453.16,6,641
16062.0,1153.62,4,800
16063.0,335.32,1,262
16065.0,367.14,1,228
16066.0,1521.04,5,935
16070.0,852.15,2,457
16071.0,326.24,1,180
16072.0,584.3199999999999,1,140
16073.0,122.39999999999999,1,48
16076.0,2234.73,10,1435
16078.0,79.2,1,16
16079.0,1352.0,3,864
16080.0,217.16,2,128
16081.0,2799.42,5,1473
16083.0,1317.62,2,908
16084.0,436.18,1,216
16085.0,981.51,5,636
16086.0,1121.39,5,511
16091.0,315.06,2,154
16092.0,817.86,3,628
16093.0,17.0,1,20
16094.0,1078.23,4,647
16096.0,320.62,1,155
16097.0,185.04999999999998,1,87
16098.0,2005.63,7,613
16099.0,731.9,3,434
16101.0,1290.7,1,757
16102.0,1842.14,3,942
16103.0,1429.64,6,558
16104.0,298.21,1,122
16105.0,336.96,1,330
16106.0,108.38,1,74
16107.0,3204.1600000000003,7,1176
16108.0,842.5,1,615
16109.0,611.88,2,612
16110.0,1320.95,3,720
16112.0,195.73999999999998,4,574
16113.0,161.38,1,176
16114.0,135.75000000000003,1,43
16115.0,1660.8799999999999,8,994
16116.0,612.78,1,248
16117.0,232.21,1,130
16119.0,423.36,2,240
16120.0,1309.14,4,878
16121.0,854.66,2,576
16122.0,684.4200000000001,4,1128
16123.0,307.78,1,170
16124.0,249.0,1,48
16125.0,289.35,1,124
16126.0,6287.77,4,2125
16127.0,656.25,1,323
16128.0,1880.22,5,988
16131.0,3506.54,6,1802
16133.0,14589.04,33,8887
16134.0,618.09,2,371
16135.0,517.55,1,209
16136.0,709.38,3,440
16139.0,635.41,3,330
16140.0,725.18,2,730
16141.0,620.4,1,238
16142.0,535.34,1,422
16143.0,2424.94,6,919
16144.0,175.2,1,16
16145.0,3799.4900000000002,11,3123
16146.0,734.13,3,427
16147.0,375.0,1,246
16148.0,76.32000000000001,1,72
16149.0,280.52,2,308
16150.0,2053.02,5,1047
16152.0,1829.04,1,642
16153.0,1824.23,5,1073
16156.0,3092.04,9,1273
16157.0,656.69,3,347
16159.0,348.2,1,236
16160.0,1025.44,2,1162
16161.0,5533.67,19,2583
16162.0,37.4,1,4
16163.0,856.6,2,192
16164.0,822.48,3,433
16168.0,3787.6,27,1892
16169.0,1822.97,4,1325
16170.0,1885.05,6,1770
16171.0,73.2,1,24
16172.0,1140.21,5,787
16173.0,1418.32,6,575
16174.0,1009.5500000000001,3,651
16175.0,1037.59,4,533
16177.0,331.95,1,95
16178.0,197.9,1,94
16179.0,215.83,1,99
16180.0,10254.18,8,5867
16181.0,305.54,1,152
16182.0,6617.65,4,3791
16183.0,338.71000000000004,1,113
16184.0,1158.79,6,561
16185.0,529.41,2,260
16186.0,4006.94,12,3020
16187.0,6911.4400000000005,15,5048
16188.0,981.86,4,782
16189.0,215.48,2,134
16190.0,215.08,1,88
16191.0,5180.52,13,3351
16193.0,314.45,1,219
16198.0,400.68100000000004,1,129
16200.0,1068.8700000000001,2,516
16201.0,1863.47,4,1286
16202.0,365.27,1,191
16203.0,592.9,4,262
16204.0,384.18,1,218
16205.0,757.63,4,516
16206.0,537.0600000000001,4,272
16207.0,394.38,1,140
16208.0,664.26,2,333
16209.0,2262.62,5,1179
16210.0,21086.3,18,7559
16211.0,547.02,1,154
16212.0,690.34,2,244
16213.0,159.0,1,48
16214.0,1062.75,3,420
16215.0,242.35,1,104
16216.0,914.9300000000001,1,254
16217.0,304.25,2,91
16218.0,3084.68,7,2088
16221.0,860.86,3,714
16222.0,773.5500000000001,1,325
16224.0,1295.3,4,1116
16225.0,1096.32,5,493
16226.0,255.12,3,192
16227.0,314.22,1,90
16229.0,1010.6,2,318
16230.0,542.03,2,365
16232.0,990.88,4,550
16233.0,536.6800000000001,3,174
16235.0,867.31,5,330
16236.0,432.2,1,184
16239.0,414.2,2,228
16240.0,3718.8,2,1641
16241.0,2590.31,13,1443
16242.0,3579.86,7,1969
16243.0,409.1,2,110
16244.0,1522.75,2,855
16245.0,1413.66,3,1014
16247.0,114.56,1,182
16248.0,152.94,1,78
16249.0,1800.07,5,950
16250.0,389.44,2,208
16253.0,3683.86,2,3233
16255.0,2619.91,8,1767
16256.0,752.4300000000001,1,581
16257.0,46.95,1,2
16258.0,5203.51,5,2994
16260.0,1035.45,1,311
16261.0,728.54,4,301
16265.0,5447.0,9,2646
16266.0,861.89,7,398
16268.0,667.65,2,533
16270.0,1141.24,1,688
16271.0,1404.64,5,1024
16272.0,411.7,1,224
16274.0,351.75,1,153
16275.0,559.87,1,336
16276.0,810.6000000000001,1,420
16278.0,566.38,1,114
16279.0,1502.78,3,1046
16281.0,2062.06,1,934
16282.0,168.3,1,114
16283.0,1570.81,5,1236
16284.0,812.68,2,535
16287.0,142.5,1,298
16292.0,302.25,1,191
16293.0,2248.9900000000002,10,982
16295.0,1328.55,4,841
16297.0,301.9,1,206
16298.0,598.2,3,198
16302.0,233.22,1,158
16303.0,5360.63,3,2659
16305.0,361.21999999999997,1,256
16306.0,632.27,6,487
16308.0,2560.0,4,8000
16309.0,706.57,2,467
16311.0,616.26,2,394
16313.0,274.15000000000003,2,165
16315.0,226.37,1,75
16316.0,2938.91,8,1484
16317.0,1341.65,3,890
16318.0,328.15,1,199
16319.0,404.40000000000003,1,72
16320.0,1038.46,2,732
16321.0,373.65000000000003,5,135
16322.0,326.75,2,231
16323.0,207.50000000000003,1,50
16324.0,408.59000000000003,3,270
16325.0,594.24,3,194
16326.0,3039.2200000000003,14,682
16327.0,3820.27,6,2560
16330.0,251.91,3,147
16332.0,1582.8,7,797
16333.0,26626.8,22,32184
16337.0,151.05,1,87
16338.0,214.79999999999998,1,94
16339.0,94.05,1,21
16340.0,534.31,1,486
16341.0,1971.87,4,1398
16342.0,322.41,4,157
16343.0,328.58,2,175
16344.0,101.10000000000001,1,18
16345.0,565.46,1,288
16347.0,847.45,2,341
16348.0,1415.65,7,805
16349.0,53.5,1,9
16350.0,1116.47,4,545
16351.0,153.9,1,90
16352.0,494.44,2,300
16353.0,6675.71,23,2006
16354.0,395.8,2,150
16356.0,211.77,3,93
16357.0,658.88,3,246
16358.0,2027.5,4,1302
16359.0,1750.92,9,1183
16360.0,3450.41,6,2110
16361.0,891.21,4,418
16362.0,709.99,5,340
16363.0,109.36000000000001,1,52
16364.0,705.79,2,279
16365.0,1540.42,9,504
16366.0,327.3,1,256
16367.0,800.67,2,643
16368.0,479.91,2,251
16369.0,1545.41,3,1030
16370.0,1301.91,4,640
16372.0,355.73,2,158
16374.0,466.73,2,237
16376.0,974.96,2,691
16377.0,676.2,1,1500
16378.0,362.95,3,267
16379.0,2157.4,4,1410
16380.0,1743.1499999999999,1,1428
16383.0,643.76,2,467
16384.0,584.5,2,260
16385.0,554.86,3,258
16386.0,302.57,2,205
16387.0,94.36,1,44
16389.0,1382.07,4,1242
16392.0,217.89,1,201
16393.0,3040.96,13,1573
16394.0,1555.34,5,2604
16395.0,1482.06,5,1472
16398.0,1705.8,2,758
16399.0,408.02,2,263
16400.0,303.93,1,172
16401.0,4098.32,12,3882
16402.0,293.45,2,146
16403.0,177.5,1,114
16404.0,443.05,1,157
16405.0,167.25,2,187
16406.0,154.35,1,116
16407.0,2079.68,10,1093
16409.0,2022.98,5,1304
16411.0,211.7,2,131
16412.0,135.99,1,63
16413.0,262.2,1,148
16414.0,126.25,2,27
16415.0,200.27,1,178
16416.0,1051.4,3,672
16418.0,631.12,3,280
16419.0,958.71,6,428
16422.0,34684.4,51,33704
16423.0,346.12,1,230
16424.0,133.56,1,88
16425.0,302.7,1,199
16426.0,1863.76,10,1215
16427.0,241.06,2,156
16429.0,284.55,1,9
16430.0,300.85,1,103
16431.0,623.28,3,442
16432.0,287.4,1,276
16433.0,184.26,1,106
16434.0,1511.8,7,760
16438.0,798.35,5,463
16440.0,3640.67,5,2018
16441.0,381.2,2,173
16442.0,609.3,3,443
16444.0,654.67,4,407
16445.0,230.51,1,111
16446.0,168472.5,2,80997
16447.0,255.91,1,221
16448.0,182.99,1,76
16449.0,707.69,2,367
16450.0,311.92,1,200
16451.0,266.97,1,120
16454.0,6.9,2,3
16455.0,1841.18,7,988
16456.0,2158.18,5,1147
16457.0,208.36,1,140
16458.0,3482.7400000000002,18,2154
16460.0,811.23,3,876
16461.0,142.92,1,48
16462.0,136.0,3,16
16463.0,1422.4,4,1163
16464.0,1298.66,3,952
16466.0,1595.96,7,785
16468.0,74.9,1,31
16469.0,625.42,4,260
16470.0,752.77,4,522
16471.0,223.95000000000002,1,141
16473.0,316.11,3,196
16474.0,1810.65,7,909
16475.0,544.3,4,319
16477.0,2494.46,7,1415
16478.0,331.0,3,224
16479.0,300.83,2,102
16480.0,769.29,1,455
16482.0,220.62,1,346
16483.0,139.35,1,44
16484.0,404.3,2,200
16485.0,363.65,1,235
16488.0,498.8,3,728
16491.0,731.5,1,478
16493.0,1351.63,4,1164
16494.0,826.53,1,675
16495.0,648.26,3,328
16496.0,1599.52,3,1111
16497.0,2965.69,6,1396
16498.0,100.97,2,45
16499.0,365.45,2,127
16500.0,400.86,6,123
16503.0,1431.93,4,569
16504.0,465.88,1,510
16505.0,777.6,1,576
16506.0,90.30000000000001,2,42
16509.0,363.7,1,64
16510.0,248.1,1,92
16511.0,918.33,3,405
16513.0,874.59,4,407
16515.0,1624.14,5,826
16516.0,101.69999999999999,1,58
16517.0,162.7,1,96
16518.0,484.32,2,327
16519.0,215.07999999999998,2,54
16520.0,1046.57,3,558
16523.0,9418.470000000001,21,4265
16525.0,13027.45,26,7397
16526.0,290.36,1,106
16527.0,228.06,1,106
16528.0,244.41,1,171
16529.0,455.25,1,198
16531.0,1244.59,7,915
16532.0,6748.8,3,2016
16533.0,1082.81,3,611
16535.0,593.75,1,356
16536.0,548.12,1,250
16539.0,1388.81,4,477
16542.0,119.62,1,46
16545.0,339.3,1,78
16546.0,787.15,2,549
16549.0,4034.9,10,2294
16550.0,2298.97,5,1540
16551.0,922.12,3,970
16552.0,379.73,2,219
16553.0,5719.82,12,4600
16554.0,837.1,3,402
16555.0,285.89,2,175
16556.0,3313.79,7,1890
16557.0,281.85,2,111
16558.0,8338.49,20,5377
16560.0,841.41,2,500
16561.0,511.12,2,244
16563.0,1077.74,1,486
16565.0,173.7,1,46
16566.0,614.66,5,362
16567.0,865.6,2,996
16569.0,124.2,1,93
16570.0,3738.4,10,2112
16571.0,1421.69,3,1239
16572.0,1009.6,3,532
16573.0,663.61,2,360
16574.0,451.44,1,416
16581.0,105.84,1,134
16582.0,313.62,1,164
16583.0,233.45,1,111
16584.0,936.08,2,646
16586.0,463.95,1,95
16587.0,225.15,1,71
16589.0,459.24,3,368
16591.0,213.5,1,41
16592.0,4113.68,16,2927
16593.0,330.03,3,116
16594.0,181.09,1,64
16595.0,360.16,1,335
16596.0,250.15,2,97
16597.0,90.04,1,184
16598.0,145.04999999999998,1,73
16600.0,813.52,6,1145
16601.0,242.7,1,133
16602.0,528.08,1,336
16603.0,482.47,2,480
16607.0,3347.71,14,2859
16609.0,5493.46,7,2420
16610.0,75.66,1,66
16611.0,129.49,1,47
16612.0,1187.66,4,506
16613.0,618.59,1,293
16614.0,506.19,1,223
16616.0,500.42,2,370
16617.0,151.85,1,91
16618.0,2647.59,5,1363
16619.0,226.21,1,133
16620.0,178.96,2,88
16621.0,813.48,4,302
16623.0,129.45,1,39
16624.0,810.5699999999999,2,488
16625.0,333.08,1,164
16626.0,4413.1,17,2690
16627.0,322.8,1,162
16628.0,2188.05,5,1205
16629.0,408.63,2,489
16633.0,2883.1,6,1138
16634.0,217.9,2,82
16637.0,1154.47,4,927
16638.0,1680.72,10,1255
16639.0,1257.51,3,510
16641.0,231.10000000000002,1,256
16642.0,688.33,2,479
16643.0,487.51,1,269
16644.0,833.78,2,826
16647.0,214.06,2,146
16648.0,290.65999999999997,1,281
16650.0,518.42,1,372
16652.0,6773.97,7,3283
16653.0,1212.66,2,733
16654.0,601.27,4,282
16655.0,3789.52,6,2363
16656.0,8625.8,15,8894
16657.0,874.43,4,1130
16658.0,123.24,1,40
16659.0,39.12,1,72
16660.0,1267.6499999999999,4,571
16665.0,135.39999999999998,1,59
16666.0,118.98,1,233
16667.0,567.1800000000001,2,236
16668.0,306.71999999999997,6,318
16669.0,1348.88,3,881
16670.0,4095.9,11,2556
16671.0,1692.27,3,875
16672.0,8134.9400000000005,20,2832
16674.0,304.24,2,181
16676.0,1592.1200000000001,4,636
16678.0,3109.99,12,2397
16679.0,129.75,1,29
16680.0,183.7,1,94
16681.0,1770.34,6,1407
16682.0,1028.0,5,1040
16684.0,66653.56,28,50255
16685.0,324.24,2,396
16686.0,2959.88,7,1977
16688.0,1260.86,4,804
16689.0,422.59999999999997,2,330
16690.0,225.57999999999998,2,138
16692.0,1276.0,2,152
16693.0,477.86,2,203
16696.0,657.9000000000001,4,146
16697.0,112.75,1,27
16698.0,1998.0,2,840
16700.0,5076.55,13,4024
16701.0,5398.3,13,6393
16705.0,14034.99,20,5476
16706.0,531.35,3,249
16708.0,656.63,1,285
16709.0,3029.87,5,851
16710.0,2467.99,10,1823
16711.0,1651.03,5,833
16712.0,3611.31,11,1730
16713.0,6910.78,15,4271
16714.0,1129.06,3,589
16715.0,301.71999999999997,1,642
16716.0,901.2,2,120
16717.0,3843.08,6,1860
16718.0,606.0500000000001,1,407
16719.0,1770.22,7,1175
16720.0,152.95,1,180
16721.0,292.47,1,172
16722.0,4730.81,13,5001
16723.0,576.4,2,398
16725.0,758.27,7,288
16726.0,1358.74,5,945
16727.0,256.32,1,167
16728.0,1048.28,4,671
16729.0,7205.33,21,5722
16730.0,743.11,3,994
16732.0,603.75,1,317
16734.0,646.76,3,345
16735.0,2247.41,5,1532
16737.0,417.59999999999997,1,288
16738.0,3.75,1,3
16739.0,323.0,1,172
16742.0,464.9,1,1
16743.0,2213.13,7,2035
16744.0,1291.91,7,798
16745.0,7180.7,17,6719
16746.0,6680.11,18,4660
16747.0,836.06,2,583
16748.0,1515.9,5,880
16750.0,623.93,5,214
16751.0,1764.72,1,1031
16752.0,207.5,1,54
16753.0,223.92000000000002,1,189
16754.0,2002.4,1,4280
16755.0,1475.43,3,1058
16756.0,239.4,1,106
16757.0,106.83000000000001,1,81
16758.0,369.34000000000003,1,203
16759.0,789.79,3,609
16761.0,316.62,1,341
16762.0,1207.24,3,480
16763.0,611.85,1,319
16764.0,2790.9500000000003,13,1253
16765.0,34.0,1,4
16766.0,1145.6,2,536
16767.0,5575.56,11,4423
16768.0,478.09000000000003,3,196
16769.0,361.54,1,80
16770.0,757.1,5,456
16771.0,2242.61,5,1487
16773.0,171.59,1,171
16774.0,661.52,4,322
16775.0,1691.51,11,439
16776.0,371.54,1,254
16777.0,222.62,2,62
16778.0,245.94,2,194
16779.0,10611.720000000001,22,5301
16780.0,422.24,2,270
16781.0,311.25,1,113
16782.0,2267.9500000000003,13,705
16784.0,107.6,1,24
16788.0,594.39,2,304
16789.0,80.8,1,32
16790.0,1545.6200000000001,6,898
16791.0,1705.78,7,757
16792.0,110.38000000000001,2,44
16793.0,243.84,1,146
16794.0,1196.5,10,923
16795.0,414.88,1,239
16796.0,305.62,1,186
16800.0,1162.65,1,524
16801.0,1594.23,4,493
16803.0,332.3,1,245
16804.0,536.99,3,246
16805.0,460.59,2,539
16806.0,762.16,4,356
16807.0,1121.59,3,778
16808.0,288.42,2,196
16809.0,914.69,5,652
16810.0,309.54,1,114
16811.0,547.07,2,477
16812.0,479.35,1,81
16813.0,1652.18,10,1501
16814.0,6416.7,21,2697
16816.0,417.06,4,274
16817.0,1604.75,9,822
16818.0,3349.57,11,2164
16820.0,497.61,1,307
16823.0,358.38,1,136
16824.0,460.64,2,236
16825.0,775.1800000000001,2,566
16826.0,341.7,1,158
16828.0,128.5,2,59
16829.0,197.22,1,99
16830.0,325.91,1,264
16832.0,199.15,3,33
16833.0,1106.53,4,440
16834.0,413.46,1,358
16835.0,180.85,2,61
16836.0,251.87,2,165
16837.0,3170.98,11,1563
16838.0,588.85,2,185
16839.0,16594.35,34,8975
16841.0,1869.82,6,2250
16842.0,1264.19,3,693
16843.0,10196.57,16,10159
16846.0,214.32,1,135
16847.0,193.44,1,78
16848.0,281.42,1,182
16849.0,124.57,1,33
16850.0,332.41,1,249
16851.0,342.45,3,271
16852.0,144.91000000000003,2,56
16855.0,328.4,2,164
16856.0,35.400000000000006,1,12
16858.0,375.69000000000005,1,91
16859.0,747.81,2,827
16861.0,173.76,2,140
16863.0,502.8,2,409
16866.0,207.73999999999998,3,60
16869.0,817.12,4,583
16871.0,2812.34,6,1253
16872.0,680.02,3,600
16873.0,7123.62,6,3840
16875.0,2095.53,5,1069
16877.0,846.62,6,458
16878.0,13.3,1,12
16880.0,1491.43,7,746
16881.0,432.0,1,600
16882.0,705.12,3,424
16883.0,272.48,2,103
16884.0,429.84000000000003,2,320
16885.0,450.41,3,178
16887.0,192.32999999999998,1,156
16889.0,1578.67,3,925
16891.0,742.43,5,265
16892.0,518.19,5,236
16893.0,145.93,1,62
16895.0,202.27,1,91
16897.0,289.78,2,73
16898.0,501.03,3,412
16899.0,1271.06,6,520
16900.0,887.11,3,833
16902.0,1706.88,1,629
16903.0,363.2,1,247
16904.0,3653.75,16,1984
16905.0,3037.6,7,1381
16906.0,559.59,4,263
16907.0,928.76,5,286
16909.0,379.14,1,436
16910.0,1508.96,8,884
16912.0,2555.58,11,1025
16913.0,113.44,1,82
16914.0,183.76,1,112
16915.0,621.6800000000001,6,132
16916.0,562.41,2,431
16917.0,391.52,1,232
16918.0,1068.82,6,721
16919.0,2592.25,11,1403
16921.0,154.18,1,154
16923.0,7069.08,19,3344
16924.0,829.89,3,467
16926.0,230.25,1,35
16927.0,543.05,3,993
16928.0,2814.7,17,2092
16929.0,1295.39,7,929
16930.0,378.89,3,339
16931.0,4554.87,21,3134
16932.0,150.23000000000002,1,82
16933.0,563.23,2,288
16934.0,931.03,2,397
16936.0,261.9,1,171
16938.0,2711.6800000000003,4,2533
16940.0,3049.88,3,2169
16942.0,1904.99,9,805
16943.0,816.73,3,145
16945.0,4345.5,19,2725
16947.0,406.48,1,312
16948.0,435.02,3,1614
16949.0,1286.27,6,791
16950.0,1178.56,3,644
16951.0,1277.75,3,1318
16952.0,167.61,2,92
16953.0,20.8,1,10
16954.0,2085.08,9,1054
16955.0,518.67,4,266
16956.0,308.74,1,114
16957.0,416.64,2,172
16959.0,117.35000000000001,1,49
16960.0,507.05,3,304
16961.0,234.17,1,125
16963.0,110.55000000000001,1,35
16965.0,201.19,1,291
16966.0,2154.97,7,1981
16967.0,319.02,1,333
16968.0,439.43,2,326
16969.0,650.41,3,816
16971.0,357.21,1,72
16976.0,251.51999999999998,1,88
16978.0,344.33,1,166
16979.0,1852.0,6,865
16980.0,1028.46,2,739
16982.0,384.06,1,182
16983.0,1905.87,7,1335
16984.0,4459.52,2,2380
16985.0,5464.12,10,1832
16986.0,1873.2,2,1040
16987.0,1616.8,7,401
16988.0,126.12,1,43
16989.0,1133.25,6,1233
16990.0,179.0,1,100
16992.0,1614.31,5,860
16996.0,1456.96,6,544
16997.0,702.0,3,360
16998.0,295.0,4,76
16999.0,484.82,2,294
17001.0,3989.57,11,2164
17002.0,1493.73,3,679
17004.0,1312.1399999999999,2,771
17006.0,781.78,4,272
17007.0,889.9300000000001,6,597
17010.0,195.36,1,118
17011.0,270.9,1,186
17014.0,583.4300000000001,3,243
17015.0,1838.6100000000001,3,1978
17017.0,8694.26,20,6673
17018.0,920.1,2,176
17019.0,1258.08,4,820
17022.0,71.0,1,108
17024.0,95.85,3,69
17025.0,357.77,3,235
17026.0,154.82999999999998,2,97
17027.0,877.5600000000001,6,416
17029.0,716.0,2,400
17030.0,146.87,1,146
17031.0,380.35,2,235
17033.0,1030.14,3,750
17034.0,745.52,3,410
17035.0,433.53000000000003,2,229
17037.0,1267.32,1,656
17038.0,112.4,1,28
17040.0,449.73,1,181
17041.0,1071.49,3,927
17042.0,1036.58,5,990
17043.0,1735.18,4,998
17044.0,948.48,1,504
17045.0,339.44,3,106
17046.0,642.02,1,510
17047.0,1100.9,3,533
17048.0,925.35,3,485
17049.0,5655.03,9,2673
17050.0,3185.64,6,1595
17051.0,240.89000000000001,1,179
17052.0,399.09,1,251
17053.0,498.48,1,122
17054.0,1356.33,5,804
17058.0,1179.89,3,592
17059.0,3080.39,5,1850
17060.0,234.24,1,216
17061.0,5232.2300000000005,11,1526
17062.0,533.33,4,418
17063.0,1461.14,7,770
17064.0,855.45,3,316
17068.0,4552.14,21,2164
17069.0,2709.7000000000003,9,1506
17070.0,304.24,1,131
17071.0,2429.03,9,1197
17073.0,1446.09,4,759
17075.0,834.12,4,292
17076.0,841.0799999999999,3,295
17078.0,378.2,2,788
17079.0,118.80000000000001,1,24
17080.0,287.62,2,166
17081.0,288.91,2,77
17082.0,2003.85,2,1049
17083.0,1405.78,3,772
17084.0,2747.9900000000002,2,1702
17085.0,1562.4,5,785
17086.0,2050.08,6,1859
17088.0,1991.01,4,868
17090.0,1974.65,7,903
17091.0,3827.76,9,1746
17092.0,1774.03,4,1130
17094.0,302.0,1,152
17095.0,1324.16,3,618
17096.0,1022.13,4,339
17097.0,954.42,8,459
17100.0,971.74,2,800
17101.0,1621.73,4,815
17102.0,25.5,1,2
17105.0,665.78,2,693
17107.0,10797.48,6,4826
17109.0,881.29,6,588
17110.0,163.29999999999998,1,50
17111.0,231.61,1,282
17114.0,801.12,8,215
17115.0,837.5,3,372
17117.0,116.19999999999999,1,68
17118.0,157.02,1,154
17119.0,606.91,2,334
17120.0,307.46,1,120
17122.0,138.32,1,80
17123.0,345.29999999999995,1,246
17124.0,294.24,1,129
17125.0,230.5,1,281
17126.0,989.45,5,780
17128.0,157.09,1,76
17131.0,2463.17,5,983
17133.0,4892.240000000001,7,2730
17134.0,413.2,2,98
17135.0,1139.73,7,1224
17138.0,380.5,1,126
17139.0,10650.77,12,5176
17140.0,454.12,1,296
17142.0,579.0,1,81
17144.0,984.57,2,483
17146.0,749.78,3,212
17147.0,1714.59,4,882
17148.0,124.88,1,82
17152.0,1689.5,3,517
17153.0,213.78,1,104
17154.0,329.34,1,490
17155.0,251.70000000000002,2,242
17157.0,319.0,2,172
17158.0,1266.97,3,778
17159.0,1538.88,3,1111
17160.0,3518.03,6,2856
17162.0,1715.46,10,1001
17163.0,293.1,2,66
17164.0,2467.35,7,1501
17165.0,158.68,1,100
17166.0,206.34,2,78
17169.0,835.78,2,526
17171.0,224.91,1,185
17172.0,317.76,1,480
17173.0,3766.6,8,1122
17174.0,59.9,1,41
17175.0,1443.69,4,866
17176.0,306.13,1,170
17179.0,711.79,3,290
17180.0,783.97,4,670
17181.0,239.92000000000002,2,241
17183.0,3347.31,6,1296
17186.0,144.0,2,200
17187.0,203.95,1,144
17188.0,2474.23,7,1328
17189.0,383.75,2,226
17190.0,444.74,2,161
17191.0,2093.68,7,1166
17193.0,1699.3000000000002,7,1254
17194.0,262.62,2,119
17197.0,1013.01,1,191
17198.0,692.22,3,357
17201.0,289.78,1,231
17203.0,3560.08,6,2846
17204.0,1564.56,4,646
17205.0,384.08,1,884
17206.0,204.24,1,76
17211.0,2317.2200000000003,8,1323
17212.0,226.85,1,147
17213.0,2781.23,7,1176
17214.0,1059.1200000000001,6,272
17217.0,113.5,1,24
17218.0,1951.97,10,955
17219.0,114.23,1,89
17220.0,3187.55,14,1897
17221.0,334.48,2,287
17222.0,328.65,1,122
17223.0,416.89,2,110
17226.0,393.49,1,406
17227.0,939.32,6,741
17228.0,1906.09,8,1532
17229.0,318.76,2,185
17230.0,3638.41,8,1651
17231.0,3124.72,10,1724
17232.0,417.77,2,202
17233.0,190.88,1,131
17234.0,149.89000000000001,1,55
17235.0,550.06,2,224
17236.0,916.13,6,474
17237.0,314.69,2,105
17238.0,3719.1,17,1807
17239.0,382.5,1,150
17242.0,1135.04,2,611
17243.0,8540.05,26,3320
17244.0,954.9,1,616
17245.0,171.45,1,75
17247.0,280.09000000000003,1,105
17248.0,318.65,1,213
17250.0,381.97,2,167
17251.0,269.83,1,108
17252.0,348.91,2,192
17253.0,178.26,1,43
17254.0,271.19,2,251
17255.0,291.48,2,227
17256.0,240.0,2,141
17259.0,581.23,2,388
17262.0,1253.3600000000001,5,367
17263.0,63.440000000000005,1,36
17265.0,550.01,2,389
17266.0,296.58,3,153
17267.0,317.2,2,158
17268.0,763.64,4,844
17272.0,2148.63,4,1778
17274.0,107.82,1,77
17277.0,1065.3500000000001,2,430
17278.0,246.04,1,179
17279.0,187.82999999999998,1,48
17282.0,1685.46,3,1866
17284.0,1647.48,6,1362
17286.0,151.37,1,117
17287.0,1049.06,7,556
17288.0,1417.63,7,1201
17289.0,931.02,3,513
17290.0,513.01,2,397
17291.0,550.8000000000001,1,72
17293.0,1854.06,9,1135
17295.0,547.0,3,293
17297.0,128.18,1,65
17298.0,498.42,2,387
17299.0,656.61,4,668
17301.0,163.24,1,137
17302.0,1135.63,5,575
17303.0,250.04,1,144
17306.0,8631.31,19,11491
17309.0,82.75,1,41
17311.0,1384.85,2,1005
17312.0,644.3,3,372
17313.0,2328.84,1,1402
17314.0,2527.92,8,1896
17315.0,6281.23,38,3863
17317.0,2600.34,3,1146
17320.0,1200.6200000000001,3,634
17321.0,657.16,2,364
17323.0,906.52,7,760
17324.0,986.48,4,843
17325.0,96.8,1,60
17329.0,523.11,2,142
17330.0,363.9,2,120
17331.0,175.2,1,16
17333.0,494.25,1,375
17334.0,307.02,2,315
17337.0,1981.06,4,1247
17338.0,6493.54,8,3059
17339.0,243.36,2,152
17340.0,12353.29,11,5967
17341.0,682.29,3,443
17343.0,193.64,1,56
17344.0,157.62,1,65
17345.0,519.6899999999999,4,341
17346.0,2622.88,15,1617
17347.0,228.96,1,216
17348.0,1156.6,5,1398
17349.0,98.25,1,102
17350.0,1281.32,4,770
17351.0,587.15,3,113
17353.0,1740.0,2,1200
17354.0,1393.06,1,1006
17356.0,178.22,1,166
17357.0,384.39,2,152
17358.0,360.81,2,190
17359.0,127.86,1,161
17360.0,568.24,3,328
17361.0,488.2,3,157
17362.0,312.23,2,191
17364.0,4462.68,11,2692
17365.0,4767.36,8,4749
17367.0,167.55,1,149
17368.0,1878.87,8,1377
17370.0,446.18,4,540
17371.0,418.4,3,151
17372.0,1337.18,8,747
17373.0,646.92,4,408
17374.0,495.77,2,85
17375.0,400.1,3,367
17376.0,203.2,2,86
17377.0,4058.32,20,2038
17379.0,389.71999999999997,1,623
17381.0,20275.61,29,25649
17382.0,65.4,1,25
17383.0,193.39000000000001,1,148
17384.0,336.4,2,88
17385.0,256.11,1,197
17386.0,2686.42,6,1902
17387.0,746.81,2,522
17388.0,1259.56,4,1068
17389.0,31833.68,34,7612
17391.0,508.8,2,480
17392.0,417.27,2,277
17394.0,203.86999999999998,1,241
17396.0,7330.8,8,2005
17397.0,681.41,2,250
17398.0,653.38,3,310
17400.0,2097.84,5,1088
17402.0,2633.85,13,701
17403.0,263.92,1,111
17404.0,31906.82,15,32748
17405.0,1031.41,3,726
17406.0,2184.42,3,780
17408.0,32.65,1,3
17409.0,771.85,2,105
17410.0,1214.72,5,616
17411.0,778.94,3,306
17412.0,1258.06,7,738
17414.0,778.0,2,2100
17415.0,507.84,1,114
17416.0,6893.42,7,4302
17418.0,463.46000000000004,2,289
17419.0,4226.57,12,1876
17420.0,598.83,3,265
17422.0,1979.37,6,2253
17423.0,698.41,2,459
17425.0,759.17,2,407
17426.0,5037.26,6,3094
17427.0,100.8,1,34
17428.0,17256.85,28,9474
17429.0,524.9200000000001,3,624
17430.0,265.76,2,190
17431.0,403.3,1,292
17432.0,365.76,2,207
17433.0,303.15999999999997,1,185
17434.0,2373.82,7,1693
17436.0,216.29999999999998,2,90
17438.0,388.45000000000005,1,103
17440.0,186.42000000000002,3,246
17442.0,2248.56,6,1496
17443.0,534.24,1,504
17444.0,2940.04,3,2119
17446.0,120.9,2,198
17447.0,541.53,2,443
17449.0,2519.21,7,1121
17450.0,194390.79,46,69973
17451.0,1721.4,7,1203
17453.0,486.71999999999997,2,219
17454.0,517.53,4,243
17455.0,131.7,1,66
17456.0,249.86,1,222
17457.0,1737.7,5,826
17458.0,316.5,1,170
17459.0,657.3,2,537
17460.0,622.4300000000001,6,236
17461.0,735.82,3,770
17462.0,675.69,2,227
17463.0,1875.86,5,1086
17464.0,289.96000000000004,1,220
17466.0,763.28,2,306
17468.0,137.0,2,116
17469.0,1870.97,5,787
17470.0,1125.07,5,1675
17472.0,697.54,3,455
17475.0,194.37,1,178
17480.0,511.82,1,338
17481.0,1255.59,4,1061
17483.0,414.04,3,191
17486.0,396.87,1,191
17489.0,376.64,2,428
17490.0,2092.32,7,1134
17491.0,3558.87,10,2013
17492.0,374.57,1,155
17495.0,497.56,2,229
17496.0,271.05,1,79
17498.0,272.22,1,394
17499.0,622.88,1,711
17500.0,1138.0,3,17
17501.0,288.6,2,160
17502.0,689.1,4,376
17503.0,558.96,2,486
17504.0,2997.0299999999997,9,1664
17505.0,1145.84,2,556
17506.0,302.2,1,139
17507.0,605.58,2,359
17508.0,387.31,1,289
17509.0,6083.64,8,3512
17510.0,308.48,1,214
17511.0,91062.38,31,64549
17512.0,2924.9900000000002,10,2753
17513.0,513.2,1,254
17514.0,208.65,1,135
17515.0,639.02,4,243
17516.0,764.88,5,414
17517.0,153.94,1,102
17519.0,1844.02,6,1236
17520.0,546.81,1,365
17521.0,723.2099999999999,3,519
17522.0,1070.71,5,1034
17523.0,652.74,4,872
17524.0,145.0,1,90
17525.0,422.70000000000005,1,82
17526.0,1195.8999999999999,4,310
17527.0,939.37,4,488
17528.0,3628.5,8,2138
17530.0,2367.12,10,1514
17531.0,296.7,1,136
17534.0,223.36,1,103
17535.0,164.4,1,136
17536.0,76.5,1,6
17537.0,887.67,2,699
17538.0,98.42,1,134
17540.0,578.9,2,194
17542.0,170.75,1,134
17545.0,642.32,3,337
17548.0,103.3,1,58
17549.0,148.86,2,210
17550.0,267.16,3,86
17551.0,290.34,1,142
17552.0,930.41,4,719
17553.0,1487.6,1,1048
17554.0,1952.45,5,1763
17555.0,480.31,2,348
17556.0,157.9,1,101
17557.0,541.46,3,306
17560.0,854.95,4,635
17561.0,165.12,1,144
17562.0,1122.38,7,817
17564.0,454.01,3,146
17566.0,869.77,2,497
17567.0,4331.48,8,2632
17569.0,344.14,1,159
17571.0,1425.67,4,876
17572.0,226.75000000000003,4,95
17573.0,380.6,3,308
17574.0,185.65,1,77
17576.0,3564.83,19,1967
17578.0,143.45999999999998,1,138
17579.0,448.90000000000003,3,258
17580.0,215.72,3,88
17581.0,11025.24,25,5915
17582.0,175.27,1,123
17584.0,1242.3,2,458
17585.0,1116.68,4,1650
17588.0,1240.2,3,676
17589.0,2404.17,4,1631
17590.0,1468.02,3,822
17591.0,2203.67,7,1000
17593.0,3923.86,5,3089
17594.0,993.18,2,550
17595.0,386.69,2,228
17596.0,2806.69,7,4376
17597.0,2044.3700000000001,1,1176
17600.0,161.67000000000002,1,144
17601.0,116.00999999999999,1,103
17602.0,5054.42,6,4116
17603.0,394.72,1,74
17604.0,309.36,2,169
17608.0,191.99,2,229
17609.0,1105.78,5,719
17611.0,3961.12,15,2550
17612.0,2048.45,6,1808
17613.0,4544.55,14,2490
17614.0,386.32,1,235
17615.0,329.6,3,140
17616.0,571.1999999999999,3,224
17618.0,930.28,3,319
17619.0,214.37,1,124
17620.0,81.44,1,60
17621.0,1379.9,3,514
17623.0,527.0500000000001,1,265
17624.0,843.48,2,554
17625.0,2020.4,4,1180
17628.0,75.75,1,79
17629.0,1814.12,8,1629
17630.0,503.59999999999997,2,158
17631.0,528.33,3,334
17633.0,1324.84,4,644
17634.0,2358.59,9,838
17636.0,285.56,1,182
17637.0,547.0600000000001,2,280
17639.0,108.5,1,49
17640.0,621.66,1,250
17642.0,712.29,2,474
17643.0,101.55,1,71
17644.0,2895.64,11,1793
17646.0,1008.39,3,323
17647.0,133.06,1,30
17648.0,1797.5,4,487
17649.0,868.49,1,399
17650.0,166.08,1,150
17651.0,3945.0,10,3112
17652.0,4867.72,12,2509
17653.0,1207.56,4,1409
17654.0,117.55,1,41
17655.0,2638.94,7,1116
17656.0,1674.69,5,1399
17658.0,595.42,2,616
17659.0,2999.46,12,1525
17660.0,178.75,1,121
17663.0,1802.91,7,797
17664.0,604.64,2,604
17666.0,728.16,2,596
17667.0,2055.51,5,1033
17668.0,347.75,2,93
17669.0,3406.7200000000003,7,1916
17670.0,205.7,1,110
17671.0,1572.71,4,772
17672.0,3178.17,2,1690
17673.0,1594.97,6,1462
17674.0,551.04,2,672
17675.0,20374.28,31,8360
17676.0,1371.18,6,922
17677.0,16345.38,30,9772
17678.0,298.11,1,207
17679.0,1992.1100000000001,2,729
17680.0,184.4,1,96
17682.0,2474.33,6,1367
17684.0,239.41,1,145
17685.0,3155.83,7,1907
17686.0,5739.46,7,2478
17690.0,4726.8,15,1769
17691.0,290.40000000000003,2,134
17692.0,740.9399999999999,4,672
17693.0,200.47,1,231
17694.0,283.12,1,184
17695.0,765.34,2,779
17696.0,2285.71,8,1756
17697.0,338.95,1,93
17698.0,154.95,1,93
17700.0,2534.64,4,1266
17701.0,417.95,1,109
17702.0,1824.37,4,1353
17703.0,798.74,3,590
17704.0,885.19,2,343
17705.0,1823.52,9,963
17706.0,10504.49,17,3899
17707.0,152.4,2,144
17708.0,263.33,2,90
17709.0,137.45,1,17
17711.0,385.1,2,246
17712.0,522.91,1,215
17714.0,153.0,1,92
17715.0,326.4,1,384
17716.0,5655.99,11,3072
17718.0,139.35,1,83
17719.0,5396.04,15,2466
17720.0,1195.94,4,576
17722.0,2424.04,4,1595
17723.0,3276.4000000000005,6,792
17724.0,1033.0,3,300
17725.0,3439.08,11,2162
17727.0,1060.25,1,645
17728.0,2876.01,3,1469
17730.0,5298.4800000000005,13,3576
17731.0,1240.11,4,493
17732.0,303.97,1,93
17733.0,692.19,2,463
17734.0,700.63,3,422
17735.0,13110.02,19,8439
17736.0,377.44,3,238
17737.0,168.24,2,108
17738.0,1879.05,4,1029
17739.0,2791.35,7,861
17742.0,355.11,2,89
17744.0,2322.4,6,3412
17746.0,110.25,1,29
17747.0,71.4,1,12
17749.0,674.52,2,320
17750.0,1710.45,9,3747
17752.0,80.64,1,192
17754.0,1664.65,5,1816
17757.0,5593.39,30,3318
17758.0,3408.2000000000003,8,2054
17759.0,819.96,3,697
17760.0,287.59,2,239
17761.0,712.78,1,398
17763.0,15.0,1,12
17764.0,772.55,2,351
17765.0,367.63,3,143
17767.0,271.2,1,128
17768.0,2081.9,3,1122
17769.0,3957.43,10,1850
17770.0,1143.27,5,365
17771.0,245.81,2,287
17772.0,173.45,2,55
17774.0,1213.73,4,508
17775.0,56.4,1,72
17777.0,647.56,3,501
17779.0,650.32,3,396
17781.0,188.02,2,34
17783.0,283.47,2,354
17785.0,131.94,1,67
17786.0,266.85,2,195
17787.0,1817.54,4,896
17788.0,1117.9,2,211
17789.0,225.9,1,74
17790.0,1964.3,14,835
17791.0,106.1,1,46
17793.0,300.34,1,226
17795.0,342.83,2,305
17796.0,690.0,4,176
17797.0,780.43,3,498
17799.0,3039.17,10,1753
17800.0,1187.21,9,732
17802.0,1285.04,3,752
17805.0,512.31,1,478
17806.0,546.04,1,727
17809.0,5411.91,12,2057
17811.0,7761.82,39,4146
17812.0,699.81,4,329
17813.0,1698.07,5,752
17816.0,36.56,4,30
17817.0,387.68,3,67
17819.0,3704.87,7,1031
17824.0,298.4,1,408
17827.0,1987.33,5,1240
17828.0,1820.09,4,667
17829.0,889.24,1,496
17830.0,398.7,3,92
17831.0,35.400000000000006,1,12
17832.0,155.37,1,208
17835.0,342.24,3,344
17836.0,110.21000000000001,1,88
17837.0,1541.23,8,510
17838.0,2720.8,5,1831
17839.0,318.15,1,257
17841.0,40519.84,124,22834
17843.0,205.48,1,113
17844.0,51.559999999999995,1,52
17846.0,2033.1,1,1
17848.0,901.1999999999999,9,398
17849.0,605.8000000000001,4,114
17850.0,5391.21,34,1733
17852.0,114.34,2,53
17854.0,311.26,2,84
17855.0,208.97,1,197
17856.0,1418.03,4,842
17857.0,26879.04,23,19256
17858.0,5140.66,12,2694
17859.0,141.92000000000002,1,102
17860.0,226.45000000000002,1,93
17861.0,2097.88,8,1985
17862.0,330.9,1,100
17863.0,3160.0,6,2638
17864.0,554.85,3,706
17865.0,10526.32,20,5757
17866.0,329.65,1,174
17867.0,1157.8700000000001,6,508
17869.0,428.18,5,111
17870.0,1865.89,12,1351
17871.0,155.9,1,182
17873.0,1848.96,5,1035
17874.0,683.46,6,221
17877.0,237.61,1,98
17878.0,379.45,1,401
17879.0,178.51999999999998,1,45
17880.0,458.92,1,314
17881.0,133.35000000000002,1,32
17883.0,664.34,4,374
17884.0,695.0699999999999,4,817
17885.0,156.34,1,110
17886.0,869.28,3,469
17887.0,111.35,1,30
17888.0,716.0,8,973
17889.0,201.37,2,77
17890.0,586.89,2,402
17891.0,203.85999999999999,1,393
17892.0,244.1,3,109
17893.0,107.21,1,149
17894.0,1118.96,8,404
17895.0,95.45,1,127
17896.0,256.32,1,288
17897.0,541.8100000000001,3,222
17898.0,152.06,2,190
17899.0,154.55,1,170
17900.0,112.19999999999999,2,73
17901.0,110.38,1,24
17904.0,181.07,1,59
17905.0,798.99,4,406
17906.0,72.9,1,26
17908.0,232.03,1,169
17911.0,366.23,1,223
17912.0,310.06,5,184
17913.0,408.65,2,288
17914.0,329.36,1,457
17917.0,335.03,3,184
17919.0,1304.04,1,756
17920.0,4119.5,17,2473
17921.0,820.23,4,425
17923.0,207.50000000000003,1,50
17924.0,2962.5,7,1160
17925.0,244.08,1,72
17926.0,397.29,2,306
17928.0,212.54,2,140
17929.0,843.0,4,108
17930.0,1740.48,5,1594
17931.0,408.36,2,249
17932.0,1331.57,3,789
17934.0,704.25,2,478
17935.0,145.79,2,82
17936.0,380.13,1,257
17937.0,4301.22,7,1754
17939.0,99.14,1,40
17940.0,4020.04,10,9323
17941.0,304.56,1,252
17942.0,77.50000000000001,1,38
17946.0,149.57999999999998,2,75
17947.0,176.68,1,168
17948.0,358.56000000000006,1,144
17949.0,58510.48,45,30546
17950.0,482.2,3,366
17951.0,1008.5400000000001,3,616
17954.0,2314.13,12,2221
17955.0,557.3,4,273
17956.0,12.75,1,1
17957.0,111.68,1,287
17958.0,508.4599999999999,1,84
17960.0,73.78,1,41
17961.0,1296.44,39,560
17962.0,102.41,1,127
17964.0,463.21,2,294
17965.0,2599.19,14,1532
17966.0,1098.43,5,2571
17967.0,112.27,1,73
17968.0,265.1,1,151
17969.0,228.2,2,152
17970.0,562.79,1,513
17972.0,135.19,1,36
17973.0,337.04,1,176
17974.0,703.99,3,500
17975.0,4483.26,13,1565
17976.0,321.79,1,93
17977.0,288.14,1,342
17978.0,300.91999999999996,1,499
17979.0,732.41,4,383
17980.0,811.45,3,682
17984.0,152.68,1,98
17985.0,631.35,1,171
17986.0,20.8,1,10
17987.0,198.57,1,261
17988.0,201.12,7,43
17990.0,630.84,3,414
17991.0,93.35,2,25
17994.0,674.89,4,495
17995.0,76.1,1,133
17997.0,1962.46,8,2273
17999.0,380.39,2,219
18001.0,415.13,2,362
18004.0,157.92,1,75
18005.0,226.47,2,86
18006.0,444.68,1,220
18008.0,2116.19,9,1581
18009.0,247.39,1,125
18010.0,174.8,1,60
18011.0,102.78999999999999,1,71
18013.0,187.29,2,285
18014.0,162.22,1,66
18015.0,120.03,1,157
18016.0,1477.66,5,1027
18017.0,523.0,3,300
18018.0,122.14,2,55
18019.0,38.45,1,7
18022.0,612.72,1,703
18024.0,389.78,2,184
18027.0,115.31,1,78
18030.0,230.64999999999998,2,67
18032.0,73.5,1,42
18033.0,93.82000000000001,1,252
18034.0,418.68,2,559
18035.0,713.89,3,584
18036.0,403.12,3,232
18037.0,70.02,6,20
18040.0,357.20000000000005,2,148
18041.0,4097.37,21,3758
18042.0,165.04999999999998,1,33
18043.0,529.29,3,265
18044.0,2088.6,10,1033
18045.0,178.34,1,138
18048.0,172.29000000000002,2,127
18050.0,74.4,1,40
18053.0,300.02,1,302
18055.0,6761.34,10,2452
18056.0,363.65,1,211
18058.0,170.16,1,88
18059.0,306.46,3,258
18061.0,2119.41,10,955
18062.0,720.52,3,396
18064.0,814.0,2,384
18065.0,2392.83,14,1027
18066.0,318.0,1,108
18067.0,396.33,1,189
18068.0,101.69999999999999,1,6
18069.0,2009.24,5,1296
18071.0,453.0,2,260
18072.0,247.44,1,288
18073.0,3859.82,12,3102
18074.0,489.6,1,190
18075.0,2611.75,10,1464
18077.0,2584.41,11,1839
18078.0,336.13,2,145
18079.0,3613.15,4,7347
18080.0,1231.5,2,642
18081.0,343.45,3,195
18082.0,680.84,1,608
18084.0,90.47999999999999,1,312
18085.0,689.95,2,265
18086.0,101.34,1,106
18087.0,4055.7199999999993,2,3907
18088.0,166.03,1,107
18092.0,9068.26,11,4252
18093.0,2106.52,4,1392
18094.0,3017.3,7,2518
18095.0,580.0500000000001,2,419
18096.0,849.06,3,788
18097.0,2662.4,6,1662
18099.0,168.31,1,149
18101.0,222.4,2,87
18102.0,259657.3,60,64124
18104.0,754.64,1,362
18105.0,113.48000000000002,1,46
18106.0,421.9,1,126
18108.0,271.0,1,84
18109.0,8004.92,26,4230
18110.0,198.8,1,72
18112.0,352.69,2,255
18113.0,76.32000000000001,1,72
18114.0,220.1,1,55
18116.0,1403.1100000000001,8,837
18117.0,315.65,1,605
18118.0,5625.08,26,2865
18119.0,180.7,1,124
18120.0,111.15,1,31
18121.0,653.3,2,438
18122.0,1793.06,6,1225
18123.0,574.4399999999999,2,582
18125.0,1131.75,4,800
18126.0,200.92000000000002,1,135
18127.0,347.08,3,187
18129.0,112.55000000000001,1,48
18130.0,1059.39,3,824
18133.0,931.4999999999999,1,1350
18135.0,681.9100000000001,5,349
18136.0,784.33,3,379
18138.0,152.65,1,38
18139.0,8438.34,6,5557
18142.0,1019.52,2,1276
18143.0,1000.16,2,570
18144.0,2888.75,12,1343
18145.0,2861.55,4,2625
18146.0,160.35000000000002,2,153
18147.0,179.33999999999997,2,203
18149.0,612.0799999999999,3,310
18150.0,566.58,3,332
18151.0,653.35,2,355
18154.0,399.19,2,255
18155.0,371.62,3,266
18156.0,675.64,2,283
18158.0,453.4,2,354
18159.0,530.15,1,139
18160.0,638.0600000000001,2,294
18161.0,1618.69,5,812
18164.0,399.65000000000003,1,184
18165.0,302.46000000000004,1,254
18167.0,1384.8600000000001,3,382
18168.0,1160.04,6,592
18169.0,202.65,1,61
18170.0,980.31,3,409
18171.0,1231.31,5,481
18172.0,7561.68,20,3184
18173.0,2106.84,4,1220
18174.0,104.0,1,50
18176.0,476.35,1,283
18177.0,1340.8700000000001,6,709
18178.0,1590.81,4,983
18179.0,1793.17,6,1360
18180.0,1843.75,6,1721
18181.0,366.85,1,133
18183.0,632.07,2,371
18184.0,49.8,1,60
18185.0,304.25,1,183
18188.0,2001.04,3,1168
18189.0,1090.24,2,566
18190.0,284.46000000000004,2,140
18191.0,207.79999999999998,1,140
18192.0,957.97,1,339
18193.0,243.76,1,124
18194.0,973.8399999999999,1,632
18196.0,686.63,2,431
18198.0,5425.56,17,4074
18200.0,150.35,1,104
18202.0,1396.99,3,581
18203.0,160.42000000000002,1,43
18204.0,1975.35,3,1190
18205.0,517.36,2,192
18209.0,139.10000000000002,1,58
18210.0,2621.38,6,1398
18211.0,600.07,5,359
18212.0,216.07,1,92
18213.0,232.48000000000002,1,232
18215.0,299.34000000000003,1,118
18216.0,481.75,1,200
18217.0,621.75,2,491
18218.0,641.92,2,536
18219.0,2069.77,10,885
18220.0,305.28000000000003,1,288
18221.0,1041.61,5,791
18222.0,443.0,1,335
18223.0,6484.54,14,2948
18224.0,158.95000000000002,1,69
18225.0,5504.96,12,3242
18226.0,5228.05,11,3466
18227.0,93.75,1,21
18228.0,779.9,2,238
18229.0,7276.900000000001,20,2488
18230.0,2810.2000000000003,7,1316
18231.0,2071.77,5,819
18232.0,592.97,4,302
18233.0,440.0,1,4
18235.0,1796.48,3,1578
18236.0,882.24,6,403
18237.0,987.1,5,622
18239.0,1561.6100000000001,5,795
18240.0,422.58,1,126
18241.0,2073.09,17,1051
18242.0,2232.4900000000002,4,1017
18245.0,2567.06,7,1788
18246.0,596.1,2,166
18248.0,804.02,2,511
18249.0,95.34,1,128
18250.0,349.27,1,199
18251.0,4314.72,1,7824
18252.0,518.27,2,234
18255.0,103.3,1,74
18257.0,2337.63,8,1041
18259.0,2338.6000000000004,3,714
18260.0,2628.35,6,1475
18261.0,324.24,2,146
18262.0,149.48,1,182
18263.0,1213.1599999999999,3,1468
18265.0,801.51,2,311
18268.0,25.5,1,2
18269.0,168.6,1,76
18270.0,283.15,2,101
18272.0,3078.58,6,2050
18273.0,204.0,3,80
18274.0,175.92,1,88
18276.0,335.86,1,186
18277.0,110.38,1,68
18278.0,173.9,1,66
18280.0,180.60000000000002,1,45
18281.0,80.82,1,54
18282.0,178.05,2,103
18283.0,2045.53,16,1357
18287.0,1837.28,3,1586
